--------------------------------------------------------
-- Archivo creado  - martes-marzo-24-2020   
--------------------------------------------------------
--------------------------------------------------------
--  DDL for Table BANCO
--------------------------------------------------------

  CREATE TABLE "MINIBANCO"."BANCO" 
   (	"K_ID_REGLAS" NUMBER(8,0), 
	"V_MULTIPLO_N" NUMBER(5,2), 
	"T_TASA_INTERES" NUMBER(4,2), 
	"Q_PLAZO_MAXIMO" NUMBER(2,0)
   ) SEGMENT CREATION IMMEDIATE 
  PCTFREE 10 PCTUSED 40 INITRANS 1 MAXTRANS 255 
 NOCOMPRESS LOGGING
  STORAGE(INITIAL 65536 NEXT 1048576 MINEXTENTS 1 MAXEXTENTS 2147483645
  PCTINCREASE 0 FREELISTS 1 FREELIST GROUPS 1
  BUFFER_POOL DEFAULT FLASH_CACHE DEFAULT CELL_FLASH_CACHE DEFAULT)
  TABLESPACE "USERS" ;
--------------------------------------------------------
--  DDL for Table CLIENTE
--------------------------------------------------------

  CREATE TABLE "MINIBANCO"."CLIENTE" 
   (	"K_IDENTIFICACION" NUMBER(11,0), 
	"I_TIPO_IDENTIFICACION" VARCHAR2(2 BYTE), 
	"N_NOMBRE" VARCHAR2(30 BYTE), 
	"N_APELLIDO" VARCHAR2(20 BYTE), 
	"O_DIRECCION" VARCHAR2(30 BYTE), 
	"O_TELEFONO" NUMBER(10,0), 
	"I_SEXO" CHAR(1 BYTE), 
	"F_NACIMIENTO" DATE, 
	"O_OCUPACION" VARCHAR2(20 BYTE), 
	"O_CORREO_ELECTRONICO" VARCHAR2(40 BYTE), 
	"V_INGRESO_MENSUAL" NUMBER(15,2)
   ) SEGMENT CREATION IMMEDIATE 
  PCTFREE 10 PCTUSED 40 INITRANS 1 MAXTRANS 255 
 NOCOMPRESS LOGGING
  STORAGE(INITIAL 65536 NEXT 1048576 MINEXTENTS 1 MAXEXTENTS 2147483645
  PCTINCREASE 0 FREELISTS 1 FREELIST GROUPS 1
  BUFFER_POOL DEFAULT FLASH_CACHE DEFAULT CELL_FLASH_CACHE DEFAULT)
  TABLESPACE "USERS" ;
--------------------------------------------------------
--  DDL for Table CREDITO
--------------------------------------------------------

  CREATE TABLE "MINIBANCO"."CREDITO" 
   (	"K_CREDITO" NUMBER(4,0), 
	"I_ESTADO" VARCHAR2(10 BYTE), 
	"V_PENDIENTE" NUMBER(10,2), 
	"F_DESEMBOLSO" DATE, 
	"F_APROBACION" DATE, 
	"V_PRESTADO" NUMBER(10,2), 
	"Q_CUOTAS_PACTADAS" NUMBER(3,0), 
	"K_IDENTIFICACION" NUMBER(11,0), 
	"K_TIPO_CREDITO" NUMBER(3,0)
   ) SEGMENT CREATION IMMEDIATE 
  PCTFREE 10 PCTUSED 40 INITRANS 1 MAXTRANS 255 
 NOCOMPRESS LOGGING
  STORAGE(INITIAL 65536 NEXT 1048576 MINEXTENTS 1 MAXEXTENTS 2147483645
  PCTINCREASE 0 FREELISTS 1 FREELIST GROUPS 1
  BUFFER_POOL DEFAULT FLASH_CACHE DEFAULT CELL_FLASH_CACHE DEFAULT)
  TABLESPACE "USERS" ;
--------------------------------------------------------
--  DDL for Table CUENTA_AHORRO
--------------------------------------------------------

  CREATE TABLE "MINIBANCO"."CUENTA_AHORRO" 
   (	"K_NUM_CUENTA" NUMBER(10,0), 
	"I_ESTADO" VARCHAR2(15 BYTE), 
	"V_SALDO" NUMBER(15,2), 
	"F_APERTURA" DATE, 
	"K_IDENTIFICACION" NUMBER(11,0)
   ) SEGMENT CREATION IMMEDIATE 
  PCTFREE 10 PCTUSED 40 INITRANS 1 MAXTRANS 255 
 NOCOMPRESS LOGGING
  STORAGE(INITIAL 65536 NEXT 1048576 MINEXTENTS 1 MAXEXTENTS 2147483645
  PCTINCREASE 0 FREELISTS 1 FREELIST GROUPS 1
  BUFFER_POOL DEFAULT FLASH_CACHE DEFAULT CELL_FLASH_CACHE DEFAULT)
  TABLESPACE "USERS" ;
--------------------------------------------------------
--  DDL for Table EVENTO_CUENTA
--------------------------------------------------------

  CREATE TABLE "MINIBANCO"."EVENTO_CUENTA" 
   (	"K_EVENTO" NUMBER(5,0), 
	"I_TIPO_EVENTO" VARCHAR2(15 BYTE), 
	"F_EVENTO" DATE, 
	"O_DESCRIPCION" VARCHAR2(30 BYTE), 
	"K_NUM_CUENTA" NUMBER(10,0)
   ) SEGMENT CREATION IMMEDIATE 
  PCTFREE 10 PCTUSED 40 INITRANS 1 MAXTRANS 255 
 NOCOMPRESS LOGGING
  STORAGE(INITIAL 65536 NEXT 1048576 MINEXTENTS 1 MAXEXTENTS 2147483645
  PCTINCREASE 0 FREELISTS 1 FREELIST GROUPS 1
  BUFFER_POOL DEFAULT FLASH_CACHE DEFAULT CELL_FLASH_CACHE DEFAULT)
  TABLESPACE "USERS" ;
--------------------------------------------------------
--  DDL for Table MOVIMIENTO_CUENTA
--------------------------------------------------------

  CREATE TABLE "MINIBANCO"."MOVIMIENTO_CUENTA" 
   (	"K_MOVIMIENTO" NUMBER(5,0), 
	"V_MOVIMIENTO" NUMBER(10,2), 
	"I_TIPO" VARCHAR2(15 BYTE), 
	"F_MOVIMIENTO" TIMESTAMP (6) WITH LOCAL TIME ZONE, 
	"K_NUM_CUENTA" NUMBER(10,0)
   ) SEGMENT CREATION IMMEDIATE 
  PCTFREE 10 PCTUSED 40 INITRANS 1 MAXTRANS 255 
 NOCOMPRESS LOGGING
  STORAGE(INITIAL 65536 NEXT 1048576 MINEXTENTS 1 MAXEXTENTS 2147483645
  PCTINCREASE 0 FREELISTS 1 FREELIST GROUPS 1
  BUFFER_POOL DEFAULT FLASH_CACHE DEFAULT CELL_FLASH_CACHE DEFAULT)
  TABLESPACE "USERS" ;
--------------------------------------------------------
--  DDL for Table PAGO_CREDITO
--------------------------------------------------------

  CREATE TABLE "MINIBANCO"."PAGO_CREDITO" 
   (	"Q_CUOTA" NUMBER(2,0), 
	"F_PAGO_CREDITO" DATE, 
	"Q_CONSIGNACION" NUMBER(10,0), 
	"I_FORMA_PAGO" VARCHAR2(8 BYTE), 
	"V_PAGADO_CAPITAL" NUMBER(10,2), 
	"V_PAGADO_INTERESES" NUMBER(10,2), 
	"K_CREDITO" NUMBER(4,0)
   ) SEGMENT CREATION IMMEDIATE 
  PCTFREE 10 PCTUSED 40 INITRANS 1 MAXTRANS 255 
 NOCOMPRESS LOGGING
  STORAGE(INITIAL 65536 NEXT 1048576 MINEXTENTS 1 MAXEXTENTS 2147483645
  PCTINCREASE 0 FREELISTS 1 FREELIST GROUPS 1
  BUFFER_POOL DEFAULT FLASH_CACHE DEFAULT CELL_FLASH_CACHE DEFAULT)
  TABLESPACE "USERS" ;
--------------------------------------------------------
--  DDL for Table TIPO_CREDITO
--------------------------------------------------------

  CREATE TABLE "MINIBANCO"."TIPO_CREDITO" 
   (	"K_TIPO_CREDITO" NUMBER(3,0), 
	"N_TIPO_CREDITO" VARCHAR2(30 BYTE), 
	"K_ID_REGLAS" NUMBER(8,0)
   ) SEGMENT CREATION IMMEDIATE 
  PCTFREE 10 PCTUSED 40 INITRANS 1 MAXTRANS 255 
 NOCOMPRESS LOGGING
  STORAGE(INITIAL 65536 NEXT 1048576 MINEXTENTS 1 MAXEXTENTS 2147483645
  PCTINCREASE 0 FREELISTS 1 FREELIST GROUPS 1
  BUFFER_POOL DEFAULT FLASH_CACHE DEFAULT CELL_FLASH_CACHE DEFAULT)
  TABLESPACE "USERS" ;
REM INSERTING into MINIBANCO.BANCO
SET DEFINE OFF;
Insert into MINIBANCO.BANCO (K_ID_REGLAS,V_MULTIPLO_N,T_TASA_INTERES,Q_PLAZO_MAXIMO) values ('1','5','1,74','32');
Insert into MINIBANCO.BANCO (K_ID_REGLAS,V_MULTIPLO_N,T_TASA_INTERES,Q_PLAZO_MAXIMO) values ('2','8','0,54','12');
Insert into MINIBANCO.BANCO (K_ID_REGLAS,V_MULTIPLO_N,T_TASA_INTERES,Q_PLAZO_MAXIMO) values ('3','7','3,23','36');
Insert into MINIBANCO.BANCO (K_ID_REGLAS,V_MULTIPLO_N,T_TASA_INTERES,Q_PLAZO_MAXIMO) values ('4','15','4,9','72');
REM INSERTING into MINIBANCO.CLIENTE
SET DEFINE OFF;
Insert into MINIBANCO.CLIENTE (K_IDENTIFICACION,I_TIPO_IDENTIFICACION,N_NOMBRE,N_APELLIDO,O_DIRECCION,O_TELEFONO,I_SEXO,F_NACIMIENTO,O_OCUPACION,O_CORREO_ELECTRONICO,V_INGRESO_MENSUAL) values ('5095789456','CC','VANESSA','GUALTEROS','CALLE 9 # 92-44 SUR','903287490','F',to_date('12/05/98','DD/MM/RR'),'NINGUNA','CJHSJKA@GMAIL.COM','285000');
Insert into MINIBANCO.CLIENTE (K_IDENTIFICACION,I_TIPO_IDENTIFICACION,N_NOMBRE,N_APELLIDO,O_DIRECCION,O_TELEFONO,I_SEXO,F_NACIMIENTO,O_OCUPACION,O_CORREO_ELECTRONICO,V_INGRESO_MENSUAL) values ('123456','CC','JUAN','HERRERA','CALLE 1','3188419339','M',to_date('16/03/20','DD/MM/RR'),'ESTUDIANTE','JUAN@GMAIL.COM','500000');
Insert into MINIBANCO.CLIENTE (K_IDENTIFICACION,I_TIPO_IDENTIFICACION,N_NOMBRE,N_APELLIDO,O_DIRECCION,O_TELEFONO,I_SEXO,F_NACIMIENTO,O_OCUPACION,O_CORREO_ELECTRONICO,V_INGRESO_MENSUAL) values ('123457','CC','AURELIO','FERNANDEZ','CALLE 2','3188419340','M',to_date('16/03/20','DD/MM/RR'),'NADA','NADA@GMAIL.COM','450000');
Insert into MINIBANCO.CLIENTE (K_IDENTIFICACION,I_TIPO_IDENTIFICACION,N_NOMBRE,N_APELLIDO,O_DIRECCION,O_TELEFONO,I_SEXO,F_NACIMIENTO,O_OCUPACION,O_CORREO_ELECTRONICO,V_INGRESO_MENSUAL) values ('123458','CE','CAMILA','DIAZ','CALLE 3','3188419341','F',to_date('16/03/20','DD/MM/RR'),'NADA','NADA1@GMAIL.COM','985000');
Insert into MINIBANCO.CLIENTE (K_IDENTIFICACION,I_TIPO_IDENTIFICACION,N_NOMBRE,N_APELLIDO,O_DIRECCION,O_TELEFONO,I_SEXO,F_NACIMIENTO,O_OCUPACION,O_CORREO_ELECTRONICO,V_INGRESO_MENSUAL) values ('234567','CE','CAMILO','DIAZ','CALLE 5','3188419343','M',to_date('27/03/20','DD/MM/RR'),'NADA','NADA3@GMAIL.COM','4500000');
Insert into MINIBANCO.CLIENTE (K_IDENTIFICACION,I_TIPO_IDENTIFICACION,N_NOMBRE,N_APELLIDO,O_DIRECCION,O_TELEFONO,I_SEXO,F_NACIMIENTO,O_OCUPACION,O_CORREO_ELECTRONICO,V_INGRESO_MENSUAL) values ('4456454654','TI','ALEJANDRA','LOPEZ','CALLE 6','3188419344','F',to_date('18/03/20','DD/MM/RR'),'NADA','NADA4@GMAIL.COM','3850230');
Insert into MINIBANCO.CLIENTE (K_IDENTIFICACION,I_TIPO_IDENTIFICACION,N_NOMBRE,N_APELLIDO,O_DIRECCION,O_TELEFONO,I_SEXO,F_NACIMIENTO,O_OCUPACION,O_CORREO_ELECTRONICO,V_INGRESO_MENSUAL) values ('534564','CC','SOFIA','MANRIQUE','CALLE Z 124','3182340192','F',to_date('30/01/18','DD/MM/RR'),'NINGUNA','ÑIOJI@GMAIL.ES','325000');
REM INSERTING into MINIBANCO.CREDITO
SET DEFINE OFF;
Insert into MINIBANCO.CREDITO (K_CREDITO,I_ESTADO,V_PENDIENTE,F_DESEMBOLSO,F_APROBACION,V_PRESTADO,Q_CUOTAS_PACTADAS,K_IDENTIFICACION,K_TIPO_CREDITO) values ('1234','ACTIVO','25000',to_date('16/03/20','DD/MM/RR'),to_date('15/03/20','DD/MM/RR'),'250000','12','123457','2');
Insert into MINIBANCO.CREDITO (K_CREDITO,I_ESTADO,V_PENDIENTE,F_DESEMBOLSO,F_APROBACION,V_PRESTADO,Q_CUOTAS_PACTADAS,K_IDENTIFICACION,K_TIPO_CREDITO) values ('1235','ACTIVO','450000',to_date('16/03/20','DD/MM/RR'),to_date('15/03/20','DD/MM/RR'),'1200000','36','123458','3');
REM INSERTING into MINIBANCO.CUENTA_AHORRO
SET DEFINE OFF;
Insert into MINIBANCO.CUENTA_AHORRO (K_NUM_CUENTA,I_ESTADO,V_SALDO,F_APERTURA,K_IDENTIFICACION) values ('77777','ACTIVA','0',to_date('22/03/20','DD/MM/RR'),'534564');
Insert into MINIBANCO.CUENTA_AHORRO (K_NUM_CUENTA,I_ESTADO,V_SALDO,F_APERTURA,K_IDENTIFICACION) values ('99999','ACTIVA','0',to_date('22/03/20','DD/MM/RR'),'123456');
Insert into MINIBANCO.CUENTA_AHORRO (K_NUM_CUENTA,I_ESTADO,V_SALDO,F_APERTURA,K_IDENTIFICACION) values ('54545454','ACTIVA','0',to_date('22/03/20','DD/MM/RR'),'123456');
Insert into MINIBANCO.CUENTA_AHORRO (K_NUM_CUENTA,I_ESTADO,V_SALDO,F_APERTURA,K_IDENTIFICACION) values ('123456789','ACTIVA','675000',to_date('20/03/20','DD/MM/RR'),'123456');
Insert into MINIBANCO.CUENTA_AHORRO (K_NUM_CUENTA,I_ESTADO,V_SALDO,F_APERTURA,K_IDENTIFICACION) values ('4000213','ACTIVA','0',to_date('20/03/20','DD/MM/RR'),'534564');
Insert into MINIBANCO.CUENTA_AHORRO (K_NUM_CUENTA,I_ESTADO,V_SALDO,F_APERTURA,K_IDENTIFICACION) values ('55555','ACTIVA','8325',to_date('21/03/20','DD/MM/RR'),'5095789456');
Insert into MINIBANCO.CUENTA_AHORRO (K_NUM_CUENTA,I_ESTADO,V_SALDO,F_APERTURA,K_IDENTIFICACION) values ('88888','ACTIVA','0',to_date('22/03/20','DD/MM/RR'),'123456');
Insert into MINIBANCO.CUENTA_AHORRO (K_NUM_CUENTA,I_ESTADO,V_SALDO,F_APERTURA,K_IDENTIFICACION) values ('1','ACTIVA','4700',to_date('22/03/20','DD/MM/RR'),'123458');
Insert into MINIBANCO.CUENTA_AHORRO (K_NUM_CUENTA,I_ESTADO,V_SALDO,F_APERTURA,K_IDENTIFICACION) values ('123','ACTIVA','352500',to_date('16/03/20','DD/MM/RR'),'123456');
Insert into MINIBANCO.CUENTA_AHORRO (K_NUM_CUENTA,I_ESTADO,V_SALDO,F_APERTURA,K_IDENTIFICACION) values ('456','INACTIVA','25000',to_date('16/03/20','DD/MM/RR'),'123457');
Insert into MINIBANCO.CUENTA_AHORRO (K_NUM_CUENTA,I_ESTADO,V_SALDO,F_APERTURA,K_IDENTIFICACION) values ('789','ACTIVA','450000',to_date('16/03/20','DD/MM/RR'),'123458');
Insert into MINIBANCO.CUENTA_AHORRO (K_NUM_CUENTA,I_ESTADO,V_SALDO,F_APERTURA,K_IDENTIFICACION) values ('1234','ACTIVA','850230',to_date('16/03/20','DD/MM/RR'),'234567');
REM INSERTING into MINIBANCO.EVENTO_CUENTA
SET DEFINE OFF;
Insert into MINIBANCO.EVENTO_CUENTA (K_EVENTO,I_TIPO_EVENTO,F_EVENTO,O_DESCRIPCION,K_NUM_CUENTA) values ('5','ACTIVACION',to_date('22/03/20','DD/MM/RR'),'CREACION CUENTA','77777');
Insert into MINIBANCO.EVENTO_CUENTA (K_EVENTO,I_TIPO_EVENTO,F_EVENTO,O_DESCRIPCION,K_NUM_CUENTA) values ('6','ACTIVACION',to_date('22/03/20','DD/MM/RR'),'CREACION CUENTA','54545454');
Insert into MINIBANCO.EVENTO_CUENTA (K_EVENTO,I_TIPO_EVENTO,F_EVENTO,O_DESCRIPCION,K_NUM_CUENTA) values ('7','BLOQUEO',to_date('22/03/20','DD/MM/RR'),'ROBO','88888');
Insert into MINIBANCO.EVENTO_CUENTA (K_EVENTO,I_TIPO_EVENTO,F_EVENTO,O_DESCRIPCION,K_NUM_CUENTA) values ('8','ACTIVACION',to_date('22/03/20','DD/MM/RR'),'RECUPERACION','88888');
Insert into MINIBANCO.EVENTO_CUENTA (K_EVENTO,I_TIPO_EVENTO,F_EVENTO,O_DESCRIPCION,K_NUM_CUENTA) values ('28','ACTIVACION',to_date('22/03/20','DD/MM/RR'),'ROBO','456');
Insert into MINIBANCO.EVENTO_CUENTA (K_EVENTO,I_TIPO_EVENTO,F_EVENTO,O_DESCRIPCION,K_NUM_CUENTA) values ('29','BLOQUEO',to_date('22/03/20','DD/MM/RR'),'ROBO','456');
Insert into MINIBANCO.EVENTO_CUENTA (K_EVENTO,I_TIPO_EVENTO,F_EVENTO,O_DESCRIPCION,K_NUM_CUENTA) values ('30','ACTIVACION',to_date('22/03/20','DD/MM/RR'),'ROBO','456');
Insert into MINIBANCO.EVENTO_CUENTA (K_EVENTO,I_TIPO_EVENTO,F_EVENTO,O_DESCRIPCION,K_NUM_CUENTA) values ('31','BLOQUEO',to_date('22/03/20','DD/MM/RR'),'x','456');
Insert into MINIBANCO.EVENTO_CUENTA (K_EVENTO,I_TIPO_EVENTO,F_EVENTO,O_DESCRIPCION,K_NUM_CUENTA) values ('32','ACTIVACION',to_date('22/03/20','DD/MM/RR'),'x','456');
Insert into MINIBANCO.EVENTO_CUENTA (K_EVENTO,I_TIPO_EVENTO,F_EVENTO,O_DESCRIPCION,K_NUM_CUENTA) values ('35','BLOQUEO',to_date('22/03/20','DD/MM/RR'),'W','456');
Insert into MINIBANCO.EVENTO_CUENTA (K_EVENTO,I_TIPO_EVENTO,F_EVENTO,O_DESCRIPCION,K_NUM_CUENTA) values ('36','INACTIVACION',to_date('22/03/20','DD/MM/RR'),'W','456');
Insert into MINIBANCO.EVENTO_CUENTA (K_EVENTO,I_TIPO_EVENTO,F_EVENTO,O_DESCRIPCION,K_NUM_CUENTA) values ('37','ACTIVACION',to_date('22/03/20','DD/MM/RR'),'W','456');
Insert into MINIBANCO.EVENTO_CUENTA (K_EVENTO,I_TIPO_EVENTO,F_EVENTO,O_DESCRIPCION,K_NUM_CUENTA) values ('38','ACTIVACION',to_date('22/03/20','DD/MM/RR'),'W','456');
Insert into MINIBANCO.EVENTO_CUENTA (K_EVENTO,I_TIPO_EVENTO,F_EVENTO,O_DESCRIPCION,K_NUM_CUENTA) values ('39','ACTIVACION',to_date('22/03/20','DD/MM/RR'),'W','456');
Insert into MINIBANCO.EVENTO_CUENTA (K_EVENTO,I_TIPO_EVENTO,F_EVENTO,O_DESCRIPCION,K_NUM_CUENTA) values ('40','INACTIVACION',to_date('22/03/20','DD/MM/RR'),'P','456');
Insert into MINIBANCO.EVENTO_CUENTA (K_EVENTO,I_TIPO_EVENTO,F_EVENTO,O_DESCRIPCION,K_NUM_CUENTA) values ('45','INACTIVACION',to_date('22/03/20','DD/MM/RR'),'y','456');
Insert into MINIBANCO.EVENTO_CUENTA (K_EVENTO,I_TIPO_EVENTO,F_EVENTO,O_DESCRIPCION,K_NUM_CUENTA) values ('48','INACTIVACION',to_date('22/03/20','DD/MM/RR'),'M','456');
Insert into MINIBANCO.EVENTO_CUENTA (K_EVENTO,I_TIPO_EVENTO,F_EVENTO,O_DESCRIPCION,K_NUM_CUENTA) values ('1','INACTIVACION',to_date('16/03/20','DD/MM/RR'),'SE INACTIVA CUENTA','1234');
Insert into MINIBANCO.EVENTO_CUENTA (K_EVENTO,I_TIPO_EVENTO,F_EVENTO,O_DESCRIPCION,K_NUM_CUENTA) values ('2','ACTIVACION',to_date('16/03/20','DD/MM/RR'),'SE ACTIVA CUENTA','123');
Insert into MINIBANCO.EVENTO_CUENTA (K_EVENTO,I_TIPO_EVENTO,F_EVENTO,O_DESCRIPCION,K_NUM_CUENTA) values ('3','ACTIVACION',to_date('22/03/20','DD/MM/RR'),'CREACION CUENTA','88888');
Insert into MINIBANCO.EVENTO_CUENTA (K_EVENTO,I_TIPO_EVENTO,F_EVENTO,O_DESCRIPCION,K_NUM_CUENTA) values ('4','ACTIVACION',to_date('22/03/20','DD/MM/RR'),'CREACION CUENTA','1');
Insert into MINIBANCO.EVENTO_CUENTA (K_EVENTO,I_TIPO_EVENTO,F_EVENTO,O_DESCRIPCION,K_NUM_CUENTA) values ('9','BLOQUEO',to_date('22/03/20','DD/MM/RR'),'ROBO','99999');
Insert into MINIBANCO.EVENTO_CUENTA (K_EVENTO,I_TIPO_EVENTO,F_EVENTO,O_DESCRIPCION,K_NUM_CUENTA) values ('10','ACTIVACION',to_date('22/03/20','DD/MM/RR'),'REACTIVA','99999');
Insert into MINIBANCO.EVENTO_CUENTA (K_EVENTO,I_TIPO_EVENTO,F_EVENTO,O_DESCRIPCION,K_NUM_CUENTA) values ('11','ACTIVACION',to_date('22/03/20','DD/MM/RR'),'REACTIVADA','54545454');
Insert into MINIBANCO.EVENTO_CUENTA (K_EVENTO,I_TIPO_EVENTO,F_EVENTO,O_DESCRIPCION,K_NUM_CUENTA) values ('12','ACTIVACION',to_date('22/03/20','DD/MM/RR'),'REACTIVADA','88888');
Insert into MINIBANCO.EVENTO_CUENTA (K_EVENTO,I_TIPO_EVENTO,F_EVENTO,O_DESCRIPCION,K_NUM_CUENTA) values ('13','ACTIVACION',to_date('22/03/20','DD/MM/RR'),'REACTIVADA','1');
Insert into MINIBANCO.EVENTO_CUENTA (K_EVENTO,I_TIPO_EVENTO,F_EVENTO,O_DESCRIPCION,K_NUM_CUENTA) values ('14','ACTIVACION',to_date('22/03/20','DD/MM/RR'),'REACTIVADA','77777');
Insert into MINIBANCO.EVENTO_CUENTA (K_EVENTO,I_TIPO_EVENTO,F_EVENTO,O_DESCRIPCION,K_NUM_CUENTA) values ('15','ACTIVACION',to_date('22/03/20','DD/MM/RR'),'REACTIVADA','789');
Insert into MINIBANCO.EVENTO_CUENTA (K_EVENTO,I_TIPO_EVENTO,F_EVENTO,O_DESCRIPCION,K_NUM_CUENTA) values ('16','BLOQUEO',to_date('22/03/20','DD/MM/RR'),'REACTIVADA','456');
Insert into MINIBANCO.EVENTO_CUENTA (K_EVENTO,I_TIPO_EVENTO,F_EVENTO,O_DESCRIPCION,K_NUM_CUENTA) values ('17','ACTIVACION',to_date('22/03/20','DD/MM/RR'),'REACTIVADA','1234');
Insert into MINIBANCO.EVENTO_CUENTA (K_EVENTO,I_TIPO_EVENTO,F_EVENTO,O_DESCRIPCION,K_NUM_CUENTA) values ('18','ACTIVACION',to_date('22/03/20','DD/MM/RR'),'REACTIVADA','456');
Insert into MINIBANCO.EVENTO_CUENTA (K_EVENTO,I_TIPO_EVENTO,F_EVENTO,O_DESCRIPCION,K_NUM_CUENTA) values ('19','BLOQUEO',to_date('22/03/20','DD/MM/RR'),'ROBO','456');
Insert into MINIBANCO.EVENTO_CUENTA (K_EVENTO,I_TIPO_EVENTO,F_EVENTO,O_DESCRIPCION,K_NUM_CUENTA) values ('20','ACTIVACION',to_date('22/03/20','DD/MM/RR'),'REACTIVADA','456');
Insert into MINIBANCO.EVENTO_CUENTA (K_EVENTO,I_TIPO_EVENTO,F_EVENTO,O_DESCRIPCION,K_NUM_CUENTA) values ('21','INACTIVACION',to_date('22/03/20','DD/MM/RR'),'REACTIVADA','456');
Insert into MINIBANCO.EVENTO_CUENTA (K_EVENTO,I_TIPO_EVENTO,F_EVENTO,O_DESCRIPCION,K_NUM_CUENTA) values ('22','ACTIVACION',to_date('22/03/20','DD/MM/RR'),'REACTIVADA','456');
Insert into MINIBANCO.EVENTO_CUENTA (K_EVENTO,I_TIPO_EVENTO,F_EVENTO,O_DESCRIPCION,K_NUM_CUENTA) values ('23','INACTIVACION',to_date('22/03/20','DD/MM/RR'),'REACTIVADA','456');
Insert into MINIBANCO.EVENTO_CUENTA (K_EVENTO,I_TIPO_EVENTO,F_EVENTO,O_DESCRIPCION,K_NUM_CUENTA) values ('24','BLOQUEO',to_date('22/03/20','DD/MM/RR'),'ROBO','456');
Insert into MINIBANCO.EVENTO_CUENTA (K_EVENTO,I_TIPO_EVENTO,F_EVENTO,O_DESCRIPCION,K_NUM_CUENTA) values ('25','ACTIVACION',to_date('22/03/20','DD/MM/RR'),'REACTIVADA','456');
Insert into MINIBANCO.EVENTO_CUENTA (K_EVENTO,I_TIPO_EVENTO,F_EVENTO,O_DESCRIPCION,K_NUM_CUENTA) values ('26','BLOQUEO',to_date('22/03/20','DD/MM/RR'),'ROBO','456');
Insert into MINIBANCO.EVENTO_CUENTA (K_EVENTO,I_TIPO_EVENTO,F_EVENTO,O_DESCRIPCION,K_NUM_CUENTA) values ('27','ACTIVACION',to_date('22/03/20','DD/MM/RR'),'ACTIVADA','456');
Insert into MINIBANCO.EVENTO_CUENTA (K_EVENTO,I_TIPO_EVENTO,F_EVENTO,O_DESCRIPCION,K_NUM_CUENTA) values ('33','BLOQUEO',to_date('22/03/20','DD/MM/RR'),'Y','456');
Insert into MINIBANCO.EVENTO_CUENTA (K_EVENTO,I_TIPO_EVENTO,F_EVENTO,O_DESCRIPCION,K_NUM_CUENTA) values ('34','ACTIVACION',to_date('22/03/20','DD/MM/RR'),'Y','456');
Insert into MINIBANCO.EVENTO_CUENTA (K_EVENTO,I_TIPO_EVENTO,F_EVENTO,O_DESCRIPCION,K_NUM_CUENTA) values ('41','ACTIVACION',to_date('22/03/20','DD/MM/RR'),'W','456');
Insert into MINIBANCO.EVENTO_CUENTA (K_EVENTO,I_TIPO_EVENTO,F_EVENTO,O_DESCRIPCION,K_NUM_CUENTA) values ('42','INACTIVACION',to_date('22/03/20','DD/MM/RR'),'W','456');
Insert into MINIBANCO.EVENTO_CUENTA (K_EVENTO,I_TIPO_EVENTO,F_EVENTO,O_DESCRIPCION,K_NUM_CUENTA) values ('43','ACTIVACION',to_date('22/03/20','DD/MM/RR'),'a','456');
Insert into MINIBANCO.EVENTO_CUENTA (K_EVENTO,I_TIPO_EVENTO,F_EVENTO,O_DESCRIPCION,K_NUM_CUENTA) values ('44','INACTIVACION',to_date('22/03/20','DD/MM/RR'),'a','456');
Insert into MINIBANCO.EVENTO_CUENTA (K_EVENTO,I_TIPO_EVENTO,F_EVENTO,O_DESCRIPCION,K_NUM_CUENTA) values ('46','INACTIVACION',to_date('22/03/20','DD/MM/RR'),'z','456');
Insert into MINIBANCO.EVENTO_CUENTA (K_EVENTO,I_TIPO_EVENTO,F_EVENTO,O_DESCRIPCION,K_NUM_CUENTA) values ('47','INACTIVACION',to_date('22/03/20','DD/MM/RR'),'Z','456');
REM INSERTING into MINIBANCO.MOVIMIENTO_CUENTA
SET DEFINE OFF;
Insert into MINIBANCO.MOVIMIENTO_CUENTA (K_MOVIMIENTO,V_MOVIMIENTO,I_TIPO,F_MOVIMIENTO,K_NUM_CUENTA) values ('4','-5','RETIRO',to_timestamp('21/03/20 07:40:35,403500000 PM','DD/MM/RR HH12:MI:SSXFF AM'),'55555');
Insert into MINIBANCO.MOVIMIENTO_CUENTA (K_MOVIMIENTO,V_MOVIMIENTO,I_TIPO,F_MOVIMIENTO,K_NUM_CUENTA) values ('5','8320','CONSIGNACION',to_timestamp('21/03/20 07:41:45,414500000 PM','DD/MM/RR HH12:MI:SSXFF AM'),'55555');
Insert into MINIBANCO.MOVIMIENTO_CUENTA (K_MOVIMIENTO,V_MOVIMIENTO,I_TIPO,F_MOVIMIENTO,K_NUM_CUENTA) values ('1','-10','TRANSFERENCIA',to_timestamp('21/03/20 07:23:45,234500000 PM','DD/MM/RR HH12:MI:SSXFF AM'),'456');
Insert into MINIBANCO.MOVIMIENTO_CUENTA (K_MOVIMIENTO,V_MOVIMIENTO,I_TIPO,F_MOVIMIENTO,K_NUM_CUENTA) values ('2','10','TRANSFERENCIA',to_timestamp('21/03/20 07:23:45,234500000 PM','DD/MM/RR HH12:MI:SSXFF AM'),'55555');
Insert into MINIBANCO.MOVIMIENTO_CUENTA (K_MOVIMIENTO,V_MOVIMIENTO,I_TIPO,F_MOVIMIENTO,K_NUM_CUENTA) values ('3','-500','RETIRO',to_timestamp('21/03/20 07:38:56,385600000 PM','DD/MM/RR HH12:MI:SSXFF AM'),'123');
Insert into MINIBANCO.MOVIMIENTO_CUENTA (K_MOVIMIENTO,V_MOVIMIENTO,I_TIPO,F_MOVIMIENTO,K_NUM_CUENTA) values ('7','-525000','RETIRO',to_timestamp('22/03/20 12:15:09,159000000 PM','DD/MM/RR HH12:MI:SSXFF AM'),'123456789');
Insert into MINIBANCO.MOVIMIENTO_CUENTA (K_MOVIMIENTO,V_MOVIMIENTO,I_TIPO,F_MOVIMIENTO,K_NUM_CUENTA) values ('10','-300','RETIRO',to_timestamp('22/03/20 02:16:26,162600000 PM','DD/MM/RR HH12:MI:SSXFF AM'),'1');
Insert into MINIBANCO.MOVIMIENTO_CUENTA (K_MOVIMIENTO,V_MOVIMIENTO,I_TIPO,F_MOVIMIENTO,K_NUM_CUENTA) values ('9','5000','TRANSFERENCIA',to_timestamp('22/03/20 02:10:00,100000000 PM','DD/MM/RR HH12:MI:SSXFF AM'),'1');
Insert into MINIBANCO.MOVIMIENTO_CUENTA (K_MOVIMIENTO,V_MOVIMIENTO,I_TIPO,F_MOVIMIENTO,K_NUM_CUENTA) values ('6','1200000','CONSIGNACION',to_timestamp('22/03/20 12:10:12,101200000 PM','DD/MM/RR HH12:MI:SSXFF AM'),'123456789');
Insert into MINIBANCO.MOVIMIENTO_CUENTA (K_MOVIMIENTO,V_MOVIMIENTO,I_TIPO,F_MOVIMIENTO,K_NUM_CUENTA) values ('8','-5000','TRANSFERENCIA',to_timestamp('22/03/20 02:10:00,100000000 PM','DD/MM/RR HH12:MI:SSXFF AM'),'123');
REM INSERTING into MINIBANCO.PAGO_CREDITO
SET DEFINE OFF;
Insert into MINIBANCO.PAGO_CREDITO (Q_CUOTA,F_PAGO_CREDITO,Q_CONSIGNACION,I_FORMA_PAGO,V_PAGADO_CAPITAL,V_PAGADO_INTERESES,K_CREDITO) values ('1',to_date('18/03/20','DD/MM/RR'),'231564','EFECTIVO','23400','2340','1234');
Insert into MINIBANCO.PAGO_CREDITO (Q_CUOTA,F_PAGO_CREDITO,Q_CONSIGNACION,I_FORMA_PAGO,V_PAGADO_CAPITAL,V_PAGADO_INTERESES,K_CREDITO) values ('2',to_date('20/03/20','DD/MM/RR'),'231565','EFECTIVO','25200','2520','1234');
Insert into MINIBANCO.PAGO_CREDITO (Q_CUOTA,F_PAGO_CREDITO,Q_CONSIGNACION,I_FORMA_PAGO,V_PAGADO_CAPITAL,V_PAGADO_INTERESES,K_CREDITO) values ('1',to_date('18/03/20','DD/MM/RR'),'240001','EFECTIVO','15400','1540','1235');
Insert into MINIBANCO.PAGO_CREDITO (Q_CUOTA,F_PAGO_CREDITO,Q_CONSIGNACION,I_FORMA_PAGO,V_PAGADO_CAPITAL,V_PAGADO_INTERESES,K_CREDITO) values ('2',to_date('20/03/20','DD/MM/RR'),'240002','EFECTIVO','18000','1800','1235');
REM INSERTING into MINIBANCO.TIPO_CREDITO
SET DEFINE OFF;
Insert into MINIBANCO.TIPO_CREDITO (K_TIPO_CREDITO,N_TIPO_CREDITO,K_ID_REGLAS) values ('1','ESTUDIO','3');
Insert into MINIBANCO.TIPO_CREDITO (K_TIPO_CREDITO,N_TIPO_CREDITO,K_ID_REGLAS) values ('2','LIBRE INVERSION','1');
Insert into MINIBANCO.TIPO_CREDITO (K_TIPO_CREDITO,N_TIPO_CREDITO,K_ID_REGLAS) values ('3','VIVIENDA','4');
--------------------------------------------------------
--  DDL for Index PK_BANCO
--------------------------------------------------------

  CREATE UNIQUE INDEX "MINIBANCO"."PK_BANCO" ON "MINIBANCO"."BANCO" ("K_ID_REGLAS") 
  PCTFREE 10 INITRANS 2 MAXTRANS 255 COMPUTE STATISTICS 
  STORAGE(INITIAL 65536 NEXT 1048576 MINEXTENTS 1 MAXEXTENTS 2147483645
  PCTINCREASE 0 FREELISTS 1 FREELIST GROUPS 1
  BUFFER_POOL DEFAULT FLASH_CACHE DEFAULT CELL_FLASH_CACHE DEFAULT)
  TABLESPACE "USERS" ;
--------------------------------------------------------
--  DDL for Index PK_CLIENTE
--------------------------------------------------------

  CREATE UNIQUE INDEX "MINIBANCO"."PK_CLIENTE" ON "MINIBANCO"."CLIENTE" ("K_IDENTIFICACION") 
  PCTFREE 10 INITRANS 2 MAXTRANS 255 COMPUTE STATISTICS 
  STORAGE(INITIAL 65536 NEXT 1048576 MINEXTENTS 1 MAXEXTENTS 2147483645
  PCTINCREASE 0 FREELISTS 1 FREELIST GROUPS 1
  BUFFER_POOL DEFAULT FLASH_CACHE DEFAULT CELL_FLASH_CACHE DEFAULT)
  TABLESPACE "USERS" ;
--------------------------------------------------------
--  DDL for Index PK_CREDITO
--------------------------------------------------------

  CREATE UNIQUE INDEX "MINIBANCO"."PK_CREDITO" ON "MINIBANCO"."CREDITO" ("K_CREDITO") 
  PCTFREE 10 INITRANS 2 MAXTRANS 255 COMPUTE STATISTICS 
  STORAGE(INITIAL 65536 NEXT 1048576 MINEXTENTS 1 MAXEXTENTS 2147483645
  PCTINCREASE 0 FREELISTS 1 FREELIST GROUPS 1
  BUFFER_POOL DEFAULT FLASH_CACHE DEFAULT CELL_FLASH_CACHE DEFAULT)
  TABLESPACE "USERS" ;
--------------------------------------------------------
--  DDL for Index PK_CUENTA_AHORRO
--------------------------------------------------------

  CREATE UNIQUE INDEX "MINIBANCO"."PK_CUENTA_AHORRO" ON "MINIBANCO"."CUENTA_AHORRO" ("K_NUM_CUENTA") 
  PCTFREE 10 INITRANS 2 MAXTRANS 255 COMPUTE STATISTICS 
  STORAGE(INITIAL 65536 NEXT 1048576 MINEXTENTS 1 MAXEXTENTS 2147483645
  PCTINCREASE 0 FREELISTS 1 FREELIST GROUPS 1
  BUFFER_POOL DEFAULT FLASH_CACHE DEFAULT CELL_FLASH_CACHE DEFAULT)
  TABLESPACE "USERS" ;
--------------------------------------------------------
--  DDL for Index PK_EVENTO_CUENTA
--------------------------------------------------------

  CREATE UNIQUE INDEX "MINIBANCO"."PK_EVENTO_CUENTA" ON "MINIBANCO"."EVENTO_CUENTA" ("K_EVENTO") 
  PCTFREE 10 INITRANS 2 MAXTRANS 255 COMPUTE STATISTICS 
  STORAGE(INITIAL 65536 NEXT 1048576 MINEXTENTS 1 MAXEXTENTS 2147483645
  PCTINCREASE 0 FREELISTS 1 FREELIST GROUPS 1
  BUFFER_POOL DEFAULT FLASH_CACHE DEFAULT CELL_FLASH_CACHE DEFAULT)
  TABLESPACE "USERS" ;
--------------------------------------------------------
--  DDL for Index PK_MOVIMIENTO_C_01
--------------------------------------------------------

  CREATE UNIQUE INDEX "MINIBANCO"."PK_MOVIMIENTO_C_01" ON "MINIBANCO"."MOVIMIENTO_CUENTA" ("K_MOVIMIENTO") 
  PCTFREE 10 INITRANS 2 MAXTRANS 255 COMPUTE STATISTICS 
  STORAGE(INITIAL 65536 NEXT 1048576 MINEXTENTS 1 MAXEXTENTS 2147483645
  PCTINCREASE 0 FREELISTS 1 FREELIST GROUPS 1
  BUFFER_POOL DEFAULT FLASH_CACHE DEFAULT CELL_FLASH_CACHE DEFAULT)
  TABLESPACE "USERS" ;
--------------------------------------------------------
--  DDL for Index PK_PAGO_CREDITO
--------------------------------------------------------

  CREATE UNIQUE INDEX "MINIBANCO"."PK_PAGO_CREDITO" ON "MINIBANCO"."PAGO_CREDITO" ("Q_CUOTA", "K_CREDITO") 
  PCTFREE 10 INITRANS 2 MAXTRANS 255 COMPUTE STATISTICS 
  STORAGE(INITIAL 65536 NEXT 1048576 MINEXTENTS 1 MAXEXTENTS 2147483645
  PCTINCREASE 0 FREELISTS 1 FREELIST GROUPS 1
  BUFFER_POOL DEFAULT FLASH_CACHE DEFAULT CELL_FLASH_CACHE DEFAULT)
  TABLESPACE "USERS" ;
--------------------------------------------------------
--  DDL for Index PK_TIPO_CREDITO
--------------------------------------------------------

  CREATE UNIQUE INDEX "MINIBANCO"."PK_TIPO_CREDITO" ON "MINIBANCO"."TIPO_CREDITO" ("K_TIPO_CREDITO") 
  PCTFREE 10 INITRANS 2 MAXTRANS 255 COMPUTE STATISTICS 
  STORAGE(INITIAL 65536 NEXT 1048576 MINEXTENTS 1 MAXEXTENTS 2147483645
  PCTINCREASE 0 FREELISTS 1 FREELIST GROUPS 1
  BUFFER_POOL DEFAULT FLASH_CACHE DEFAULT CELL_FLASH_CACHE DEFAULT)
  TABLESPACE "USERS" ;
--------------------------------------------------------
--  DDL for Index UK_CORREO_ELECTRONICO
--------------------------------------------------------

  CREATE UNIQUE INDEX "MINIBANCO"."UK_CORREO_ELECTRONICO" ON "MINIBANCO"."CLIENTE" ("O_CORREO_ELECTRONICO") 
  PCTFREE 10 INITRANS 2 MAXTRANS 255 COMPUTE STATISTICS 
  STORAGE(INITIAL 65536 NEXT 1048576 MINEXTENTS 1 MAXEXTENTS 2147483645
  PCTINCREASE 0 FREELISTS 1 FREELIST GROUPS 1
  BUFFER_POOL DEFAULT FLASH_CACHE DEFAULT CELL_FLASH_CACHE DEFAULT)
  TABLESPACE "USERS" ;
--------------------------------------------------------
--  Constraints for Table CLIENTE
--------------------------------------------------------

  ALTER TABLE "MINIBANCO"."CLIENTE" MODIFY ("K_IDENTIFICACION" NOT NULL ENABLE);
  ALTER TABLE "MINIBANCO"."CLIENTE" MODIFY ("I_TIPO_IDENTIFICACION" NOT NULL ENABLE);
  ALTER TABLE "MINIBANCO"."CLIENTE" MODIFY ("N_NOMBRE" NOT NULL ENABLE);
  ALTER TABLE "MINIBANCO"."CLIENTE" MODIFY ("N_APELLIDO" NOT NULL ENABLE);
  ALTER TABLE "MINIBANCO"."CLIENTE" MODIFY ("O_DIRECCION" NOT NULL ENABLE);
  ALTER TABLE "MINIBANCO"."CLIENTE" MODIFY ("O_TELEFONO" NOT NULL ENABLE);
  ALTER TABLE "MINIBANCO"."CLIENTE" MODIFY ("I_SEXO" NOT NULL ENABLE);
  ALTER TABLE "MINIBANCO"."CLIENTE" MODIFY ("F_NACIMIENTO" NOT NULL ENABLE);
  ALTER TABLE "MINIBANCO"."CLIENTE" MODIFY ("O_OCUPACION" NOT NULL ENABLE);
  ALTER TABLE "MINIBANCO"."CLIENTE" MODIFY ("O_CORREO_ELECTRONICO" NOT NULL ENABLE);
  ALTER TABLE "MINIBANCO"."CLIENTE" MODIFY ("V_INGRESO_MENSUAL" NOT NULL ENABLE);
  ALTER TABLE "MINIBANCO"."CLIENTE" ADD CONSTRAINT "PK_CLIENTE" PRIMARY KEY ("K_IDENTIFICACION")
  USING INDEX PCTFREE 10 INITRANS 2 MAXTRANS 255 COMPUTE STATISTICS 
  STORAGE(INITIAL 65536 NEXT 1048576 MINEXTENTS 1 MAXEXTENTS 2147483645
  PCTINCREASE 0 FREELISTS 1 FREELIST GROUPS 1
  BUFFER_POOL DEFAULT FLASH_CACHE DEFAULT CELL_FLASH_CACHE DEFAULT)
  TABLESPACE "USERS"  ENABLE;
  ALTER TABLE "MINIBANCO"."CLIENTE" ADD CONSTRAINT "UK_CORREO_ELECTRONICO" UNIQUE ("O_CORREO_ELECTRONICO")
  USING INDEX PCTFREE 10 INITRANS 2 MAXTRANS 255 COMPUTE STATISTICS 
  STORAGE(INITIAL 65536 NEXT 1048576 MINEXTENTS 1 MAXEXTENTS 2147483645
  PCTINCREASE 0 FREELISTS 1 FREELIST GROUPS 1
  BUFFER_POOL DEFAULT FLASH_CACHE DEFAULT CELL_FLASH_CACHE DEFAULT)
  TABLESPACE "USERS"  ENABLE;
  ALTER TABLE "MINIBANCO"."CLIENTE" ADD CONSTRAINT "CK_SEXO" CHECK (I_SEXO IN ('F','M')) ENABLE;
  ALTER TABLE "MINIBANCO"."CLIENTE" ADD CONSTRAINT "CK_INGRESO" CHECK (V_INGRESO_MENSUAL>0) ENABLE;
  ALTER TABLE "MINIBANCO"."CLIENTE" ADD CONSTRAINT "CK_IDENTIFICACION" CHECK (K_IDENTIFICACION>0) ENABLE;
  ALTER TABLE "MINIBANCO"."CLIENTE" ADD CONSTRAINT "CK_TIPO_IDENTIFICACION" CHECK (I_TIPO_IDENTIFICACION IN ('CC','TI','CE')) ENABLE;
--------------------------------------------------------
--  Constraints for Table BANCO
--------------------------------------------------------

  ALTER TABLE "MINIBANCO"."BANCO" MODIFY ("K_ID_REGLAS" NOT NULL ENABLE);
  ALTER TABLE "MINIBANCO"."BANCO" MODIFY ("V_MULTIPLO_N" NOT NULL ENABLE);
  ALTER TABLE "MINIBANCO"."BANCO" MODIFY ("T_TASA_INTERES" NOT NULL ENABLE);
  ALTER TABLE "MINIBANCO"."BANCO" MODIFY ("Q_PLAZO_MAXIMO" NOT NULL ENABLE);
  ALTER TABLE "MINIBANCO"."BANCO" ADD CONSTRAINT "PK_BANCO" PRIMARY KEY ("K_ID_REGLAS")
  USING INDEX PCTFREE 10 INITRANS 2 MAXTRANS 255 COMPUTE STATISTICS 
  STORAGE(INITIAL 65536 NEXT 1048576 MINEXTENTS 1 MAXEXTENTS 2147483645
  PCTINCREASE 0 FREELISTS 1 FREELIST GROUPS 1
  BUFFER_POOL DEFAULT FLASH_CACHE DEFAULT CELL_FLASH_CACHE DEFAULT)
  TABLESPACE "USERS"  ENABLE;
  ALTER TABLE "MINIBANCO"."BANCO" ADD CONSTRAINT "CK_V_MULTIPLO_N" CHECK (V_MULTIPLO_N>0) ENABLE;
  ALTER TABLE "MINIBANCO"."BANCO" ADD CONSTRAINT "CK_Q_PLAZO_MAXIMO" CHECK (Q_PLAZO_MAXIMO>0) ENABLE;
--------------------------------------------------------
--  Constraints for Table MOVIMIENTO_CUENTA
--------------------------------------------------------

  ALTER TABLE "MINIBANCO"."MOVIMIENTO_CUENTA" MODIFY ("K_MOVIMIENTO" NOT NULL ENABLE);
  ALTER TABLE "MINIBANCO"."MOVIMIENTO_CUENTA" MODIFY ("V_MOVIMIENTO" NOT NULL ENABLE);
  ALTER TABLE "MINIBANCO"."MOVIMIENTO_CUENTA" MODIFY ("I_TIPO" NOT NULL ENABLE);
  ALTER TABLE "MINIBANCO"."MOVIMIENTO_CUENTA" MODIFY ("F_MOVIMIENTO" NOT NULL ENABLE);
  ALTER TABLE "MINIBANCO"."MOVIMIENTO_CUENTA" ADD CONSTRAINT "PK_MOVIMIENTO_C_01" PRIMARY KEY ("K_MOVIMIENTO")
  USING INDEX PCTFREE 10 INITRANS 2 MAXTRANS 255 COMPUTE STATISTICS 
  STORAGE(INITIAL 65536 NEXT 1048576 MINEXTENTS 1 MAXEXTENTS 2147483645
  PCTINCREASE 0 FREELISTS 1 FREELIST GROUPS 1
  BUFFER_POOL DEFAULT FLASH_CACHE DEFAULT CELL_FLASH_CACHE DEFAULT)
  TABLESPACE "USERS"  ENABLE;
  ALTER TABLE "MINIBANCO"."MOVIMIENTO_CUENTA" ADD CONSTRAINT "CK_TIPO" CHECK (I_TIPO IN ('RETIRO','TRANSFERENCIA','CONSIGNACION')) ENABLE;
  ALTER TABLE "MINIBANCO"."MOVIMIENTO_CUENTA" ADD CONSTRAINT "CK_V_MOVIMIENTO" CHECK (V_MOVIMIENTO>0) DISABLE;
--------------------------------------------------------
--  Constraints for Table CUENTA_AHORRO
--------------------------------------------------------

  ALTER TABLE "MINIBANCO"."CUENTA_AHORRO" MODIFY ("K_NUM_CUENTA" NOT NULL ENABLE);
  ALTER TABLE "MINIBANCO"."CUENTA_AHORRO" MODIFY ("I_ESTADO" NOT NULL ENABLE);
  ALTER TABLE "MINIBANCO"."CUENTA_AHORRO" MODIFY ("V_SALDO" NOT NULL ENABLE);
  ALTER TABLE "MINIBANCO"."CUENTA_AHORRO" MODIFY ("F_APERTURA" NOT NULL ENABLE);
  ALTER TABLE "MINIBANCO"."CUENTA_AHORRO" ADD CONSTRAINT "PK_CUENTA_AHORRO" PRIMARY KEY ("K_NUM_CUENTA")
  USING INDEX PCTFREE 10 INITRANS 2 MAXTRANS 255 COMPUTE STATISTICS 
  STORAGE(INITIAL 65536 NEXT 1048576 MINEXTENTS 1 MAXEXTENTS 2147483645
  PCTINCREASE 0 FREELISTS 1 FREELIST GROUPS 1
  BUFFER_POOL DEFAULT FLASH_CACHE DEFAULT CELL_FLASH_CACHE DEFAULT)
  TABLESPACE "USERS"  ENABLE;
  ALTER TABLE "MINIBANCO"."CUENTA_AHORRO" ADD CONSTRAINT "CK_SALDO" CHECK (V_SALDO>=0) ENABLE;
--------------------------------------------------------
--  Constraints for Table PAGO_CREDITO
--------------------------------------------------------

  ALTER TABLE "MINIBANCO"."PAGO_CREDITO" MODIFY ("Q_CUOTA" NOT NULL ENABLE);
  ALTER TABLE "MINIBANCO"."PAGO_CREDITO" MODIFY ("F_PAGO_CREDITO" NOT NULL ENABLE);
  ALTER TABLE "MINIBANCO"."PAGO_CREDITO" MODIFY ("Q_CONSIGNACION" NOT NULL ENABLE);
  ALTER TABLE "MINIBANCO"."PAGO_CREDITO" MODIFY ("I_FORMA_PAGO" NOT NULL ENABLE);
  ALTER TABLE "MINIBANCO"."PAGO_CREDITO" MODIFY ("V_PAGADO_CAPITAL" NOT NULL ENABLE);
  ALTER TABLE "MINIBANCO"."PAGO_CREDITO" MODIFY ("V_PAGADO_INTERESES" NOT NULL ENABLE);
  ALTER TABLE "MINIBANCO"."PAGO_CREDITO" MODIFY ("K_CREDITO" NOT NULL ENABLE);
  ALTER TABLE "MINIBANCO"."PAGO_CREDITO" ADD CONSTRAINT "PK_PAGO_CREDITO" PRIMARY KEY ("Q_CUOTA", "K_CREDITO")
  USING INDEX PCTFREE 10 INITRANS 2 MAXTRANS 255 COMPUTE STATISTICS 
  STORAGE(INITIAL 65536 NEXT 1048576 MINEXTENTS 1 MAXEXTENTS 2147483645
  PCTINCREASE 0 FREELISTS 1 FREELIST GROUPS 1
  BUFFER_POOL DEFAULT FLASH_CACHE DEFAULT CELL_FLASH_CACHE DEFAULT)
  TABLESPACE "USERS"  ENABLE;
--------------------------------------------------------
--  Constraints for Table EVENTO_CUENTA
--------------------------------------------------------

  ALTER TABLE "MINIBANCO"."EVENTO_CUENTA" MODIFY ("K_EVENTO" NOT NULL ENABLE);
  ALTER TABLE "MINIBANCO"."EVENTO_CUENTA" MODIFY ("I_TIPO_EVENTO" NOT NULL ENABLE);
  ALTER TABLE "MINIBANCO"."EVENTO_CUENTA" MODIFY ("F_EVENTO" NOT NULL ENABLE);
  ALTER TABLE "MINIBANCO"."EVENTO_CUENTA" MODIFY ("O_DESCRIPCION" NOT NULL ENABLE);
  ALTER TABLE "MINIBANCO"."EVENTO_CUENTA" ADD CONSTRAINT "PK_EVENTO_CUENTA" PRIMARY KEY ("K_EVENTO")
  USING INDEX PCTFREE 10 INITRANS 2 MAXTRANS 255 COMPUTE STATISTICS 
  STORAGE(INITIAL 65536 NEXT 1048576 MINEXTENTS 1 MAXEXTENTS 2147483645
  PCTINCREASE 0 FREELISTS 1 FREELIST GROUPS 1
  BUFFER_POOL DEFAULT FLASH_CACHE DEFAULT CELL_FLASH_CACHE DEFAULT)
  TABLESPACE "USERS"  ENABLE;
  ALTER TABLE "MINIBANCO"."EVENTO_CUENTA" ADD CONSTRAINT "CK_TIPO_EVENTO" CHECK (I_TIPO_EVENTO IN ('ACTIVACION','INACTIVACION','BLOQUEO')) ENABLE;
--------------------------------------------------------
--  Constraints for Table TIPO_CREDITO
--------------------------------------------------------

  ALTER TABLE "MINIBANCO"."TIPO_CREDITO" MODIFY ("K_TIPO_CREDITO" NOT NULL ENABLE);
  ALTER TABLE "MINIBANCO"."TIPO_CREDITO" MODIFY ("N_TIPO_CREDITO" NOT NULL ENABLE);
  ALTER TABLE "MINIBANCO"."TIPO_CREDITO" ADD CONSTRAINT "PK_TIPO_CREDITO" PRIMARY KEY ("K_TIPO_CREDITO")
  USING INDEX PCTFREE 10 INITRANS 2 MAXTRANS 255 COMPUTE STATISTICS 
  STORAGE(INITIAL 65536 NEXT 1048576 MINEXTENTS 1 MAXEXTENTS 2147483645
  PCTINCREASE 0 FREELISTS 1 FREELIST GROUPS 1
  BUFFER_POOL DEFAULT FLASH_CACHE DEFAULT CELL_FLASH_CACHE DEFAULT)
  TABLESPACE "USERS"  ENABLE;
--------------------------------------------------------
--  Constraints for Table CREDITO
--------------------------------------------------------

  ALTER TABLE "MINIBANCO"."CREDITO" MODIFY ("K_CREDITO" NOT NULL ENABLE);
  ALTER TABLE "MINIBANCO"."CREDITO" MODIFY ("I_ESTADO" NOT NULL ENABLE);
  ALTER TABLE "MINIBANCO"."CREDITO" MODIFY ("V_PENDIENTE" NOT NULL ENABLE);
  ALTER TABLE "MINIBANCO"."CREDITO" MODIFY ("F_DESEMBOLSO" NOT NULL ENABLE);
  ALTER TABLE "MINIBANCO"."CREDITO" MODIFY ("F_APROBACION" NOT NULL ENABLE);
  ALTER TABLE "MINIBANCO"."CREDITO" MODIFY ("V_PRESTADO" NOT NULL ENABLE);
  ALTER TABLE "MINIBANCO"."CREDITO" MODIFY ("Q_CUOTAS_PACTADAS" NOT NULL ENABLE);
  ALTER TABLE "MINIBANCO"."CREDITO" ADD CONSTRAINT "PK_CREDITO" PRIMARY KEY ("K_CREDITO")
  USING INDEX PCTFREE 10 INITRANS 2 MAXTRANS 255 COMPUTE STATISTICS 
  STORAGE(INITIAL 65536 NEXT 1048576 MINEXTENTS 1 MAXEXTENTS 2147483645
  PCTINCREASE 0 FREELISTS 1 FREELIST GROUPS 1
  BUFFER_POOL DEFAULT FLASH_CACHE DEFAULT CELL_FLASH_CACHE DEFAULT)
  TABLESPACE "USERS"  ENABLE;
  ALTER TABLE "MINIBANCO"."CREDITO" ADD CONSTRAINT "CK_ESTADO" CHECK (I_ESTADO in ('ACTIVO','CANCELADO','TERMINADO','activo','cancelado','terminado')) ENABLE;
  ALTER TABLE "MINIBANCO"."CREDITO" ADD CONSTRAINT "CK_V_PENDIENTE" CHECK (V_PENDIENTE>=0) ENABLE;
  ALTER TABLE "MINIBANCO"."CREDITO" ADD CONSTRAINT "CK_V_PRESTADO" CHECK (V_PRESTADO>0) ENABLE;
--------------------------------------------------------
--  Ref Constraints for Table CREDITO
--------------------------------------------------------

  ALTER TABLE "MINIBANCO"."CREDITO" ADD CONSTRAINT "FK_CREDITO_CLIENTE" FOREIGN KEY ("K_IDENTIFICACION")
	  REFERENCES "MINIBANCO"."CLIENTE" ("K_IDENTIFICACION") ENABLE;
  ALTER TABLE "MINIBANCO"."CREDITO" ADD CONSTRAINT "FK_CREDITO_TIPO_CREDITO" FOREIGN KEY ("K_TIPO_CREDITO")
	  REFERENCES "MINIBANCO"."TIPO_CREDITO" ("K_TIPO_CREDITO") ENABLE;
--------------------------------------------------------
--  Ref Constraints for Table CUENTA_AHORRO
--------------------------------------------------------

  ALTER TABLE "MINIBANCO"."CUENTA_AHORRO" ADD CONSTRAINT "FK_CUENTA_AHORRO_CLIENTE" FOREIGN KEY ("K_IDENTIFICACION")
	  REFERENCES "MINIBANCO"."CLIENTE" ("K_IDENTIFICACION") ENABLE;
--------------------------------------------------------
--  Ref Constraints for Table EVENTO_CUENTA
--------------------------------------------------------

  ALTER TABLE "MINIBANCO"."EVENTO_CUENTA" ADD CONSTRAINT "FK_EVENTO_CUENTA_CUENTA_AHORRO" FOREIGN KEY ("K_NUM_CUENTA")
	  REFERENCES "MINIBANCO"."CUENTA_AHORRO" ("K_NUM_CUENTA") ENABLE;
--------------------------------------------------------
--  Ref Constraints for Table MOVIMIENTO_CUENTA
--------------------------------------------------------

  ALTER TABLE "MINIBANCO"."MOVIMIENTO_CUENTA" ADD CONSTRAINT "FK_MOVIMIENTO_C_CUENTA_AHOR_01" FOREIGN KEY ("K_NUM_CUENTA")
	  REFERENCES "MINIBANCO"."CUENTA_AHORRO" ("K_NUM_CUENTA") ENABLE;
--------------------------------------------------------
--  Ref Constraints for Table PAGO_CREDITO
--------------------------------------------------------

  ALTER TABLE "MINIBANCO"."PAGO_CREDITO" ADD CONSTRAINT "FK_PAGO_CREDITO_CREDITO" FOREIGN KEY ("K_CREDITO")
	  REFERENCES "MINIBANCO"."CREDITO" ("K_CREDITO") ENABLE;
--------------------------------------------------------
--  Ref Constraints for Table TIPO_CREDITO
--------------------------------------------------------

  ALTER TABLE "MINIBANCO"."TIPO_CREDITO" ADD CONSTRAINT "FK_TIPO_CREDITO_BANCO" FOREIGN KEY ("K_ID_REGLAS")
	  REFERENCES "MINIBANCO"."BANCO" ("K_ID_REGLAS") ENABLE;
