--------------------------------------------------------
-- Archivo creado  - martes-marzo-24-2020   
--------------------------------------------------------
--------------------------------------------------------
--  DDL for Table CLIENTE
--------------------------------------------------------

  CREATE TABLE  "CLIENTE" 
   (	"K_IDENTIFICACION" NUMBER(11,0), 
	"I_TIPO_IDENTIFICACION" VARCHAR2(2 BYTE), 
	"N_NOMBRE" VARCHAR2(30 BYTE), 
	"N_APELLIDO" VARCHAR2(20 BYTE), 
	"O_DIRECCION" VARCHAR2(30 BYTE), 
	"O_TELEFONO" NUMBER(10,0), 
	"I_SEXO" CHAR(1 BYTE), 
	"F_NACIMIENTO" DATE, 
	"O_OCUPACION" VARCHAR2(20 BYTE), 
	"O_CORREO_ELECTRONICO" VARCHAR2(40 BYTE), 
	"V_INGRESO_MENSUAL" NUMBER(15,2)
   );
--------------------------------------------------------
--  DDL for Table CUENTA_AHORRO
--------------------------------------------------------

  CREATE TABLE  "CUENTA_AHORRO" 
   (	"K_NUM_CUENTA" NUMBER(10,0), 
	"I_ESTADO" VARCHAR2(15 BYTE), 
	"V_SALDO" NUMBER(15,2), 
	"F_APERTURA" DATE, 
	"K_IDENTIFICACION" NUMBER(11,0)
   );
--------------------------------------------------------
--  DDL for Table EVENTO_CUENTA
--------------------------------------------------------

  CREATE TABLE  "EVENTO_CUENTA" 
   (	"K_EVENTO" NUMBER(5,0), 
	"I_TIPO_EVENTO" VARCHAR2(15 BYTE), 
	"F_EVENTO" DATE, 
	"O_DESCRIPCION" VARCHAR2(30 BYTE), 
	"K_NUM_CUENTA" NUMBER(10,0)
   );
--------------------------------------------------------
--  DDL for Table MOVIMIENTO_CUENTA
--------------------------------------------------------

  CREATE TABLE  "MOVIMIENTO_CUENTA" 
   (	"K_MOVIMIENTO" NUMBER(5,0), 
	"V_MOVIMIENTO" NUMBER(10,2), 
	"I_TIPO" VARCHAR2(15 BYTE), 
	"F_MOVIMIENTO" TIMESTAMP (6) WITH LOCAL TIME ZONE, 
	"K_NUM_CUENTA" NUMBER(10,0)
   );

----------------------------------------------------------
-- Inserts Cliente
----------------------------------------------------------

Insert into  CLIENTE (K_IDENTIFICACION,I_TIPO_IDENTIFICACION,N_NOMBRE,N_APELLIDO,O_DIRECCION,O_TELEFONO,I_SEXO,F_NACIMIENTO,O_OCUPACION,O_CORREO_ELECTRONICO,V_INGRESO_MENSUAL) values ('5095789456','CC','VANESSA','GUALTEROS','CALLE 9 # 92-44 SUR','903287490','F',to_date('12/05/98','DD/MM/RR'),'NINGUNA','CJHSJKA@GMAIL.COM','285000');
Insert into  CLIENTE (K_IDENTIFICACION,I_TIPO_IDENTIFICACION,N_NOMBRE,N_APELLIDO,O_DIRECCION,O_TELEFONO,I_SEXO,F_NACIMIENTO,O_OCUPACION,O_CORREO_ELECTRONICO,V_INGRESO_MENSUAL) values ('123456','CC','JUAN','HERRERA','CALLE 1','3188419339','M',to_date('16/03/20','DD/MM/RR'),'ESTUDIANTE','JUAN@GMAIL.COM','500000');
Insert into  CLIENTE (K_IDENTIFICACION,I_TIPO_IDENTIFICACION,N_NOMBRE,N_APELLIDO,O_DIRECCION,O_TELEFONO,I_SEXO,F_NACIMIENTO,O_OCUPACION,O_CORREO_ELECTRONICO,V_INGRESO_MENSUAL) values ('123457','CC','AURELIO','FERNANDEZ','CALLE 2','3188419340','M',to_date('16/03/20','DD/MM/RR'),'NADA','NADA@GMAIL.COM','450000');
Insert into  CLIENTE (K_IDENTIFICACION,I_TIPO_IDENTIFICACION,N_NOMBRE,N_APELLIDO,O_DIRECCION,O_TELEFONO,I_SEXO,F_NACIMIENTO,O_OCUPACION,O_CORREO_ELECTRONICO,V_INGRESO_MENSUAL) values ('123458','CE','CAMILA','DIAZ','CALLE 3','3188419341','F',to_date('16/03/20','DD/MM/RR'),'NADA','NADA1@GMAIL.COM','985000');
Insert into  CLIENTE (K_IDENTIFICACION,I_TIPO_IDENTIFICACION,N_NOMBRE,N_APELLIDO,O_DIRECCION,O_TELEFONO,I_SEXO,F_NACIMIENTO,O_OCUPACION,O_CORREO_ELECTRONICO,V_INGRESO_MENSUAL) values ('234567','CE','CAMILO','DIAZ','CALLE 5','3188419343','M',to_date('27/03/20','DD/MM/RR'),'NADA','NADA3@GMAIL.COM','4500000');
Insert into  CLIENTE (K_IDENTIFICACION,I_TIPO_IDENTIFICACION,N_NOMBRE,N_APELLIDO,O_DIRECCION,O_TELEFONO,I_SEXO,F_NACIMIENTO,O_OCUPACION,O_CORREO_ELECTRONICO,V_INGRESO_MENSUAL) values ('4456454654','TI','ALEJANDRA','LOPEZ','CALLE 6','3188419344','F',to_date('18/03/20','DD/MM/RR'),'NADA','NADA4@GMAIL.COM','3850230');
Insert into  CLIENTE (K_IDENTIFICACION,I_TIPO_IDENTIFICACION,N_NOMBRE,N_APELLIDO,O_DIRECCION,O_TELEFONO,I_SEXO,F_NACIMIENTO,O_OCUPACION,O_CORREO_ELECTRONICO,V_INGRESO_MENSUAL) values ('534564','CC','SOFIA','MANRIQUE','CALLE Z 124','3182340192','F',to_date('30/01/18','DD/MM/RR'),'NINGUNA','ÑIOJI@GMAIL.ES','325000');

Insert into  CUENTA_AHORRO (K_NUM_CUENTA,I_ESTADO,V_SALDO,F_APERTURA,K_IDENTIFICACION) values ('77777','ACTIVA','0',to_date('22/03/20','DD/MM/RR'),'534564');
Insert into  CUENTA_AHORRO (K_NUM_CUENTA,I_ESTADO,V_SALDO,F_APERTURA,K_IDENTIFICACION) values ('99999','ACTIVA','0',to_date('22/03/20','DD/MM/RR'),'123456');
Insert into  CUENTA_AHORRO (K_NUM_CUENTA,I_ESTADO,V_SALDO,F_APERTURA,K_IDENTIFICACION) values ('54545454','ACTIVA','0',to_date('22/03/20','DD/MM/RR'),'123456');
Insert into  CUENTA_AHORRO (K_NUM_CUENTA,I_ESTADO,V_SALDO,F_APERTURA,K_IDENTIFICACION) values ('123456789','ACTIVA','675000',to_date('20/03/20','DD/MM/RR'),'123456');
Insert into  CUENTA_AHORRO (K_NUM_CUENTA,I_ESTADO,V_SALDO,F_APERTURA,K_IDENTIFICACION) values ('4000213','ACTIVA','0',to_date('20/03/20','DD/MM/RR'),'534564');
Insert into  CUENTA_AHORRO (K_NUM_CUENTA,I_ESTADO,V_SALDO,F_APERTURA,K_IDENTIFICACION) values ('55555','ACTIVA','8325',to_date('21/03/20','DD/MM/RR'),'5095789456');
Insert into  CUENTA_AHORRO (K_NUM_CUENTA,I_ESTADO,V_SALDO,F_APERTURA,K_IDENTIFICACION) values ('88888','ACTIVA','0',to_date('22/03/20','DD/MM/RR'),'123456');
Insert into  CUENTA_AHORRO (K_NUM_CUENTA,I_ESTADO,V_SALDO,F_APERTURA,K_IDENTIFICACION) values ('1','ACTIVA','4700',to_date('22/03/20','DD/MM/RR'),'123458');
Insert into  CUENTA_AHORRO (K_NUM_CUENTA,I_ESTADO,V_SALDO,F_APERTURA,K_IDENTIFICACION) values ('123','ACTIVA','352500',to_date('16/03/20','DD/MM/RR'),'123456');
Insert into  CUENTA_AHORRO (K_NUM_CUENTA,I_ESTADO,V_SALDO,F_APERTURA,K_IDENTIFICACION) values ('456','INACTIVA','25000',to_date('16/03/20','DD/MM/RR'),'123457');
Insert into  CUENTA_AHORRO (K_NUM_CUENTA,I_ESTADO,V_SALDO,F_APERTURA,K_IDENTIFICACION) values ('789','ACTIVA','450000',to_date('16/03/20','DD/MM/RR'),'123458');
Insert into  CUENTA_AHORRO (K_NUM_CUENTA,I_ESTADO,V_SALDO,F_APERTURA,K_IDENTIFICACION) values ('1234','ACTIVA','850230',to_date('16/03/20','DD/MM/RR'),'234567');

Insert into  EVENTO_CUENTA (K_EVENTO,I_TIPO_EVENTO,F_EVENTO,O_DESCRIPCION,K_NUM_CUENTA) values ('5','ACTIVACION',to_date('22/03/20','DD/MM/RR'),'CREACION CUENTA','77777');
Insert into  EVENTO_CUENTA (K_EVENTO,I_TIPO_EVENTO,F_EVENTO,O_DESCRIPCION,K_NUM_CUENTA) values ('6','ACTIVACION',to_date('22/03/20','DD/MM/RR'),'CREACION CUENTA','54545454');
Insert into  EVENTO_CUENTA (K_EVENTO,I_TIPO_EVENTO,F_EVENTO,O_DESCRIPCION,K_NUM_CUENTA) values ('7','BLOQUEO',to_date('22/03/20','DD/MM/RR'),'ROBO','88888');
Insert into  EVENTO_CUENTA (K_EVENTO,I_TIPO_EVENTO,F_EVENTO,O_DESCRIPCION,K_NUM_CUENTA) values ('8','ACTIVACION',to_date('22/03/20','DD/MM/RR'),'RECUPERACION','88888');
Insert into  EVENTO_CUENTA (K_EVENTO,I_TIPO_EVENTO,F_EVENTO,O_DESCRIPCION,K_NUM_CUENTA) values ('28','ACTIVACION',to_date('22/03/20','DD/MM/RR'),'ROBO','456');
Insert into  EVENTO_CUENTA (K_EVENTO,I_TIPO_EVENTO,F_EVENTO,O_DESCRIPCION,K_NUM_CUENTA) values ('29','BLOQUEO',to_date('22/03/20','DD/MM/RR'),'ROBO','456');
Insert into  EVENTO_CUENTA (K_EVENTO,I_TIPO_EVENTO,F_EVENTO,O_DESCRIPCION,K_NUM_CUENTA) values ('30','ACTIVACION',to_date('22/03/20','DD/MM/RR'),'ROBO','456');
Insert into  EVENTO_CUENTA (K_EVENTO,I_TIPO_EVENTO,F_EVENTO,O_DESCRIPCION,K_NUM_CUENTA) values ('31','BLOQUEO',to_date('22/03/20','DD/MM/RR'),'x','456');
Insert into  EVENTO_CUENTA (K_EVENTO,I_TIPO_EVENTO,F_EVENTO,O_DESCRIPCION,K_NUM_CUENTA) values ('32','ACTIVACION',to_date('22/03/20','DD/MM/RR'),'x','456');
Insert into  EVENTO_CUENTA (K_EVENTO,I_TIPO_EVENTO,F_EVENTO,O_DESCRIPCION,K_NUM_CUENTA) values ('35','BLOQUEO',to_date('22/03/20','DD/MM/RR'),'W','456');
Insert into  EVENTO_CUENTA (K_EVENTO,I_TIPO_EVENTO,F_EVENTO,O_DESCRIPCION,K_NUM_CUENTA) values ('36','INACTIVACION',to_date('22/03/20','DD/MM/RR'),'W','456');
Insert into  EVENTO_CUENTA (K_EVENTO,I_TIPO_EVENTO,F_EVENTO,O_DESCRIPCION,K_NUM_CUENTA) values ('37','ACTIVACION',to_date('22/03/20','DD/MM/RR'),'W','456');
Insert into  EVENTO_CUENTA (K_EVENTO,I_TIPO_EVENTO,F_EVENTO,O_DESCRIPCION,K_NUM_CUENTA) values ('38','ACTIVACION',to_date('22/03/20','DD/MM/RR'),'W','456');
Insert into  EVENTO_CUENTA (K_EVENTO,I_TIPO_EVENTO,F_EVENTO,O_DESCRIPCION,K_NUM_CUENTA) values ('39','ACTIVACION',to_date('22/03/20','DD/MM/RR'),'W','456');
Insert into  EVENTO_CUENTA (K_EVENTO,I_TIPO_EVENTO,F_EVENTO,O_DESCRIPCION,K_NUM_CUENTA) values ('40','INACTIVACION',to_date('22/03/20','DD/MM/RR'),'P','456');
Insert into  EVENTO_CUENTA (K_EVENTO,I_TIPO_EVENTO,F_EVENTO,O_DESCRIPCION,K_NUM_CUENTA) values ('45','INACTIVACION',to_date('22/03/20','DD/MM/RR'),'y','456');
Insert into  EVENTO_CUENTA (K_EVENTO,I_TIPO_EVENTO,F_EVENTO,O_DESCRIPCION,K_NUM_CUENTA) values ('48','INACTIVACION',to_date('22/03/20','DD/MM/RR'),'M','456');
Insert into  EVENTO_CUENTA (K_EVENTO,I_TIPO_EVENTO,F_EVENTO,O_DESCRIPCION,K_NUM_CUENTA) values ('1','INACTIVACION',to_date('16/03/20','DD/MM/RR'),'SE INACTIVA CUENTA','1234');
Insert into  EVENTO_CUENTA (K_EVENTO,I_TIPO_EVENTO,F_EVENTO,O_DESCRIPCION,K_NUM_CUENTA) values ('2','ACTIVACION',to_date('16/03/20','DD/MM/RR'),'SE ACTIVA CUENTA','123');
Insert into  EVENTO_CUENTA (K_EVENTO,I_TIPO_EVENTO,F_EVENTO,O_DESCRIPCION,K_NUM_CUENTA) values ('3','ACTIVACION',to_date('22/03/20','DD/MM/RR'),'CREACION CUENTA','88888');
Insert into  EVENTO_CUENTA (K_EVENTO,I_TIPO_EVENTO,F_EVENTO,O_DESCRIPCION,K_NUM_CUENTA) values ('4','ACTIVACION',to_date('22/03/20','DD/MM/RR'),'CREACION CUENTA','1');
Insert into  EVENTO_CUENTA (K_EVENTO,I_TIPO_EVENTO,F_EVENTO,O_DESCRIPCION,K_NUM_CUENTA) values ('9','BLOQUEO',to_date('22/03/20','DD/MM/RR'),'ROBO','99999');
Insert into  EVENTO_CUENTA (K_EVENTO,I_TIPO_EVENTO,F_EVENTO,O_DESCRIPCION,K_NUM_CUENTA) values ('10','ACTIVACION',to_date('22/03/20','DD/MM/RR'),'REACTIVA','99999');
Insert into  EVENTO_CUENTA (K_EVENTO,I_TIPO_EVENTO,F_EVENTO,O_DESCRIPCION,K_NUM_CUENTA) values ('11','ACTIVACION',to_date('22/03/20','DD/MM/RR'),'REACTIVADA','54545454');
Insert into  EVENTO_CUENTA (K_EVENTO,I_TIPO_EVENTO,F_EVENTO,O_DESCRIPCION,K_NUM_CUENTA) values ('12','ACTIVACION',to_date('22/03/20','DD/MM/RR'),'REACTIVADA','88888');
Insert into  EVENTO_CUENTA (K_EVENTO,I_TIPO_EVENTO,F_EVENTO,O_DESCRIPCION,K_NUM_CUENTA) values ('13','ACTIVACION',to_date('22/03/20','DD/MM/RR'),'REACTIVADA','1');
Insert into  EVENTO_CUENTA (K_EVENTO,I_TIPO_EVENTO,F_EVENTO,O_DESCRIPCION,K_NUM_CUENTA) values ('14','ACTIVACION',to_date('22/03/20','DD/MM/RR'),'REACTIVADA','77777');
Insert into  EVENTO_CUENTA (K_EVENTO,I_TIPO_EVENTO,F_EVENTO,O_DESCRIPCION,K_NUM_CUENTA) values ('15','ACTIVACION',to_date('22/03/20','DD/MM/RR'),'REACTIVADA','789');
Insert into  EVENTO_CUENTA (K_EVENTO,I_TIPO_EVENTO,F_EVENTO,O_DESCRIPCION,K_NUM_CUENTA) values ('16','BLOQUEO',to_date('22/03/20','DD/MM/RR'),'REACTIVADA','456');
Insert into  EVENTO_CUENTA (K_EVENTO,I_TIPO_EVENTO,F_EVENTO,O_DESCRIPCION,K_NUM_CUENTA) values ('17','ACTIVACION',to_date('22/03/20','DD/MM/RR'),'REACTIVADA','1234');
Insert into  EVENTO_CUENTA (K_EVENTO,I_TIPO_EVENTO,F_EVENTO,O_DESCRIPCION,K_NUM_CUENTA) values ('18','ACTIVACION',to_date('22/03/20','DD/MM/RR'),'REACTIVADA','456');
Insert into  EVENTO_CUENTA (K_EVENTO,I_TIPO_EVENTO,F_EVENTO,O_DESCRIPCION,K_NUM_CUENTA) values ('19','BLOQUEO',to_date('22/03/20','DD/MM/RR'),'ROBO','456');
Insert into  EVENTO_CUENTA (K_EVENTO,I_TIPO_EVENTO,F_EVENTO,O_DESCRIPCION,K_NUM_CUENTA) values ('20','ACTIVACION',to_date('22/03/20','DD/MM/RR'),'REACTIVADA','456');
Insert into  EVENTO_CUENTA (K_EVENTO,I_TIPO_EVENTO,F_EVENTO,O_DESCRIPCION,K_NUM_CUENTA) values ('21','INACTIVACION',to_date('22/03/20','DD/MM/RR'),'REACTIVADA','456');
Insert into  EVENTO_CUENTA (K_EVENTO,I_TIPO_EVENTO,F_EVENTO,O_DESCRIPCION,K_NUM_CUENTA) values ('22','ACTIVACION',to_date('22/03/20','DD/MM/RR'),'REACTIVADA','456');
Insert into  EVENTO_CUENTA (K_EVENTO,I_TIPO_EVENTO,F_EVENTO,O_DESCRIPCION,K_NUM_CUENTA) values ('23','INACTIVACION',to_date('22/03/20','DD/MM/RR'),'REACTIVADA','456');
Insert into  EVENTO_CUENTA (K_EVENTO,I_TIPO_EVENTO,F_EVENTO,O_DESCRIPCION,K_NUM_CUENTA) values ('24','BLOQUEO',to_date('22/03/20','DD/MM/RR'),'ROBO','456');
Insert into  EVENTO_CUENTA (K_EVENTO,I_TIPO_EVENTO,F_EVENTO,O_DESCRIPCION,K_NUM_CUENTA) values ('25','ACTIVACION',to_date('22/03/20','DD/MM/RR'),'REACTIVADA','456');
Insert into  EVENTO_CUENTA (K_EVENTO,I_TIPO_EVENTO,F_EVENTO,O_DESCRIPCION,K_NUM_CUENTA) values ('26','BLOQUEO',to_date('22/03/20','DD/MM/RR'),'ROBO','456');
Insert into  EVENTO_CUENTA (K_EVENTO,I_TIPO_EVENTO,F_EVENTO,O_DESCRIPCION,K_NUM_CUENTA) values ('27','ACTIVACION',to_date('22/03/20','DD/MM/RR'),'ACTIVADA','456');
Insert into  EVENTO_CUENTA (K_EVENTO,I_TIPO_EVENTO,F_EVENTO,O_DESCRIPCION,K_NUM_CUENTA) values ('33','BLOQUEO',to_date('22/03/20','DD/MM/RR'),'Y','456');
Insert into  EVENTO_CUENTA (K_EVENTO,I_TIPO_EVENTO,F_EVENTO,O_DESCRIPCION,K_NUM_CUENTA) values ('34','ACTIVACION',to_date('22/03/20','DD/MM/RR'),'Y','456');
Insert into  EVENTO_CUENTA (K_EVENTO,I_TIPO_EVENTO,F_EVENTO,O_DESCRIPCION,K_NUM_CUENTA) values ('41','ACTIVACION',to_date('22/03/20','DD/MM/RR'),'W','456');
Insert into  EVENTO_CUENTA (K_EVENTO,I_TIPO_EVENTO,F_EVENTO,O_DESCRIPCION,K_NUM_CUENTA) values ('42','INACTIVACION',to_date('22/03/20','DD/MM/RR'),'W','456');
Insert into  EVENTO_CUENTA (K_EVENTO,I_TIPO_EVENTO,F_EVENTO,O_DESCRIPCION,K_NUM_CUENTA) values ('43','ACTIVACION',to_date('22/03/20','DD/MM/RR'),'a','456');
Insert into  EVENTO_CUENTA (K_EVENTO,I_TIPO_EVENTO,F_EVENTO,O_DESCRIPCION,K_NUM_CUENTA) values ('44','INACTIVACION',to_date('22/03/20','DD/MM/RR'),'a','456');
Insert into  EVENTO_CUENTA (K_EVENTO,I_TIPO_EVENTO,F_EVENTO,O_DESCRIPCION,K_NUM_CUENTA) values ('46','INACTIVACION',to_date('22/03/20','DD/MM/RR'),'z','456');
Insert into  EVENTO_CUENTA (K_EVENTO,I_TIPO_EVENTO,F_EVENTO,O_DESCRIPCION,K_NUM_CUENTA) values ('47','INACTIVACION',to_date('22/03/20','DD/MM/RR'),'Z','456');
REM INSERTING into  MOVIMIENTO_CUENTA
SET DEFINE OFF;
Insert into  MOVIMIENTO_CUENTA (K_MOVIMIENTO,V_MOVIMIENTO,I_TIPO,F_MOVIMIENTO,K_NUM_CUENTA) values ('4','-5','RETIRO',to_timestamp('21/03/20 07:40:35,403500000 PM','DD/MM/RR HH12:MI:SSXFF AM'),'55555');
Insert into  MOVIMIENTO_CUENTA (K_MOVIMIENTO,V_MOVIMIENTO,I_TIPO,F_MOVIMIENTO,K_NUM_CUENTA) values ('5','8320','CONSIGNACION',to_timestamp('21/03/20 07:41:45,414500000 PM','DD/MM/RR HH12:MI:SSXFF AM'),'55555');
Insert into  MOVIMIENTO_CUENTA (K_MOVIMIENTO,V_MOVIMIENTO,I_TIPO,F_MOVIMIENTO,K_NUM_CUENTA) values ('1','-10','TRANSFERENCIA',to_timestamp('21/03/20 07:23:45,234500000 PM','DD/MM/RR HH12:MI:SSXFF AM'),'456');
Insert into  MOVIMIENTO_CUENTA (K_MOVIMIENTO,V_MOVIMIENTO,I_TIPO,F_MOVIMIENTO,K_NUM_CUENTA) values ('2','10','TRANSFERENCIA',to_timestamp('21/03/20 07:23:45,234500000 PM','DD/MM/RR HH12:MI:SSXFF AM'),'55555');
Insert into  MOVIMIENTO_CUENTA (K_MOVIMIENTO,V_MOVIMIENTO,I_TIPO,F_MOVIMIENTO,K_NUM_CUENTA) values ('3','-500','RETIRO',to_timestamp('21/03/20 07:38:56,385600000 PM','DD/MM/RR HH12:MI:SSXFF AM'),'123');
Insert into  MOVIMIENTO_CUENTA (K_MOVIMIENTO,V_MOVIMIENTO,I_TIPO,F_MOVIMIENTO,K_NUM_CUENTA) values ('7','-525000','RETIRO',to_timestamp('22/03/20 12:15:09,159000000 PM','DD/MM/RR HH12:MI:SSXFF AM'),'123456789');
Insert into  MOVIMIENTO_CUENTA (K_MOVIMIENTO,V_MOVIMIENTO,I_TIPO,F_MOVIMIENTO,K_NUM_CUENTA) values ('10','-300','RETIRO',to_timestamp('22/03/20 02:16:26,162600000 PM','DD/MM/RR HH12:MI:SSXFF AM'),'1');
Insert into  MOVIMIENTO_CUENTA (K_MOVIMIENTO,V_MOVIMIENTO,I_TIPO,F_MOVIMIENTO,K_NUM_CUENTA) values ('9','5000','TRANSFERENCIA',to_timestamp('22/03/20 02:10:00,100000000 PM','DD/MM/RR HH12:MI:SSXFF AM'),'1');
Insert into  MOVIMIENTO_CUENTA (K_MOVIMIENTO,V_MOVIMIENTO,I_TIPO,F_MOVIMIENTO,K_NUM_CUENTA) values ('6','1200000','CONSIGNACION',to_timestamp('22/03/20 12:10:12,101200000 PM','DD/MM/RR HH12:MI:SSXFF AM'),'123456789');
Insert into  MOVIMIENTO_CUENTA (K_MOVIMIENTO,V_MOVIMIENTO,I_TIPO,F_MOVIMIENTO,K_NUM_CUENTA) values ('8','-5000','TRANSFERENCIA',to_timestamp('22/03/20 02:10:00,100000000 PM','DD/MM/RR HH12:MI:SSXFF AM'),'123');

--------------------------------------------------------
--  DDL for Index PK_BANCO
--------------------------------------------------------

  CREATE UNIQUE INDEX  "PK_BANCO" ON  "BANCO" ("K_ID_REGLAS") 
  PCTFREE 10 INITRANS 2 MAXTRANS 255 COMPUTE STATISTICS 
  STORAGE(INITIAL 65536 NEXT 1048576 MINEXTENTS 1 MAXEXTENTS 2147483645
  PCTINCREASE 0 FREELISTS 1 FREELIST GROUPS 1
  BUFFER_POOL DEFAULT FLASH_CACHE DEFAULT CELL_FLASH_CACHE DEFAULT)
  TABLESPACE "USERS" ;
--------------------------------------------------------
--  DDL for Index PK_CLIENTE
--------------------------------------------------------

  CREATE UNIQUE INDEX  "PK_CLIENTE" ON  "CLIENTE" ("K_IDENTIFICACION") 
  PCTFREE 10 INITRANS 2 MAXTRANS 255 COMPUTE STATISTICS 
  STORAGE(INITIAL 65536 NEXT 1048576 MINEXTENTS 1 MAXEXTENTS 2147483645
  PCTINCREASE 0 FREELISTS 1 FREELIST GROUPS 1
  BUFFER_POOL DEFAULT FLASH_CACHE DEFAULT CELL_FLASH_CACHE DEFAULT)
  TABLESPACE "USERS" ;

--------------------------------------------------------
--  DDL for Index PK_CUENTA_AHORRO
--------------------------------------------------------

  CREATE UNIQUE INDEX  "PK_CUENTA_AHORRO" ON  "CUENTA_AHORRO" ("K_NUM_CUENTA") 
  PCTFREE 10 INITRANS 2 MAXTRANS 255 COMPUTE STATISTICS 
  STORAGE(INITIAL 65536 NEXT 1048576 MINEXTENTS 1 MAXEXTENTS 2147483645
  PCTINCREASE 0 FREELISTS 1 FREELIST GROUPS 1
  BUFFER_POOL DEFAULT FLASH_CACHE DEFAULT CELL_FLASH_CACHE DEFAULT)
  TABLESPACE "USERS" ;
--------------------------------------------------------
--  DDL for Index PK_EVENTO_CUENTA
--------------------------------------------------------

  CREATE UNIQUE INDEX  "PK_EVENTO_CUENTA" ON  "EVENTO_CUENTA" ("K_EVENTO") 
  PCTFREE 10 INITRANS 2 MAXTRANS 255 COMPUTE STATISTICS 
  STORAGE(INITIAL 65536 NEXT 1048576 MINEXTENTS 1 MAXEXTENTS 2147483645
  PCTINCREASE 0 FREELISTS 1 FREELIST GROUPS 1
  BUFFER_POOL DEFAULT FLASH_CACHE DEFAULT CELL_FLASH_CACHE DEFAULT)
  TABLESPACE "USERS" ;
--------------------------------------------------------
--  DDL for Index PK_MOVIMIENTO_C_01
--------------------------------------------------------

  CREATE UNIQUE INDEX  "PK_MOVIMIENTO_C_01" ON  "MOVIMIENTO_CUENTA" ("K_MOVIMIENTO") 
  PCTFREE 10 INITRANS 2 MAXTRANS 255 COMPUTE STATISTICS 
  STORAGE(INITIAL 65536 NEXT 1048576 MINEXTENTS 1 MAXEXTENTS 2147483645
  PCTINCREASE 0 FREELISTS 1 FREELIST GROUPS 1
  BUFFER_POOL DEFAULT FLASH_CACHE DEFAULT CELL_FLASH_CACHE DEFAULT)
  TABLESPACE "USERS" ;
--------------------------------------------------------
--  DDL for Index UK_CORREO_ELECTRONICO
--------------------------------------------------------

  CREATE UNIQUE INDEX  "UK_CORREO_ELECTRONICO" ON  "CLIENTE" ("O_CORREO_ELECTRONICO") 
  PCTFREE 10 INITRANS 2 MAXTRANS 255 COMPUTE STATISTICS 
  STORAGE(INITIAL 65536 NEXT 1048576 MINEXTENTS 1 MAXEXTENTS 2147483645
  PCTINCREASE 0 FREELISTS 1 FREELIST GROUPS 1
  BUFFER_POOL DEFAULT FLASH_CACHE DEFAULT CELL_FLASH_CACHE DEFAULT)
  TABLESPACE "USERS" ;
--------------------------------------------------------
--  Constraints for Table CLIENTE
--------------------------------------------------------

  ALTER TABLE  "CLIENTE" MODIFY ("K_IDENTIFICACION" NOT NULL ENABLE);
  ALTER TABLE  "CLIENTE" MODIFY ("I_TIPO_IDENTIFICACION" NOT NULL ENABLE);
  ALTER TABLE  "CLIENTE" MODIFY ("N_NOMBRE" NOT NULL ENABLE);
  ALTER TABLE  "CLIENTE" MODIFY ("N_APELLIDO" NOT NULL ENABLE);
  ALTER TABLE  "CLIENTE" MODIFY ("O_DIRECCION" NOT NULL ENABLE);
  ALTER TABLE  "CLIENTE" MODIFY ("O_TELEFONO" NOT NULL ENABLE);
  ALTER TABLE  "CLIENTE" MODIFY ("I_SEXO" NOT NULL ENABLE);
  ALTER TABLE  "CLIENTE" MODIFY ("F_NACIMIENTO" NOT NULL ENABLE);
  ALTER TABLE  "CLIENTE" MODIFY ("O_OCUPACION" NOT NULL ENABLE);
  ALTER TABLE  "CLIENTE" MODIFY ("O_CORREO_ELECTRONICO" NOT NULL ENABLE);
  ALTER TABLE  "CLIENTE" MODIFY ("V_INGRESO_MENSUAL" NOT NULL ENABLE);
  ALTER TABLE  "CLIENTE" ADD CONSTRAINT "PK_CLIENTE" PRIMARY KEY ("K_IDENTIFICACION")
  USING INDEX PCTFREE 10 INITRANS 2 MAXTRANS 255 COMPUTE STATISTICS 
  STORAGE(INITIAL 65536 NEXT 1048576 MINEXTENTS 1 MAXEXTENTS 2147483645
  PCTINCREASE 0 FREELISTS 1 FREELIST GROUPS 1
  BUFFER_POOL DEFAULT FLASH_CACHE DEFAULT CELL_FLASH_CACHE DEFAULT)
  TABLESPACE "USERS"  ENABLE;
  ALTER TABLE  "CLIENTE" ADD CONSTRAINT "UK_CORREO_ELECTRONICO" UNIQUE ("O_CORREO_ELECTRONICO")
  USING INDEX PCTFREE 10 INITRANS 2 MAXTRANS 255 COMPUTE STATISTICS 
  STORAGE(INITIAL 65536 NEXT 1048576 MINEXTENTS 1 MAXEXTENTS 2147483645
  PCTINCREASE 0 FREELISTS 1 FREELIST GROUPS 1
  BUFFER_POOL DEFAULT FLASH_CACHE DEFAULT CELL_FLASH_CACHE DEFAULT)
  TABLESPACE "USERS"  ENABLE;
  ALTER TABLE  "CLIENTE" ADD CONSTRAINT "CK_SEXO" CHECK (I_SEXO IN ('F','M')) ENABLE;
  ALTER TABLE  "CLIENTE" ADD CONSTRAINT "CK_INGRESO" CHECK (V_INGRESO_MENSUAL>0) ENABLE;
  ALTER TABLE  "CLIENTE" ADD CONSTRAINT "CK_IDENTIFICACION" CHECK (K_IDENTIFICACION>0) ENABLE;
  ALTER TABLE  "CLIENTE" ADD CONSTRAINT "CK_TIPO_IDENTIFICACION" CHECK (I_TIPO_IDENTIFICACION IN ('CC','TI','CE')) ENABLE;

--------------------------------------------------------
--  Constraints for Table MOVIMIENTO_CUENTA
--------------------------------------------------------

  ALTER TABLE  "MOVIMIENTO_CUENTA" MODIFY ("K_MOVIMIENTO" NOT NULL ENABLE);
  ALTER TABLE  "MOVIMIENTO_CUENTA" MODIFY ("V_MOVIMIENTO" NOT NULL ENABLE);
  ALTER TABLE  "MOVIMIENTO_CUENTA" MODIFY ("I_TIPO" NOT NULL ENABLE);
  ALTER TABLE  "MOVIMIENTO_CUENTA" MODIFY ("F_MOVIMIENTO" NOT NULL ENABLE);
  ALTER TABLE  "MOVIMIENTO_CUENTA" ADD CONSTRAINT "PK_MOVIMIENTO_C_01" PRIMARY KEY ("K_MOVIMIENTO")
  USING INDEX PCTFREE 10 INITRANS 2 MAXTRANS 255 COMPUTE STATISTICS 
  STORAGE(INITIAL 65536 NEXT 1048576 MINEXTENTS 1 MAXEXTENTS 2147483645
  PCTINCREASE 0 FREELISTS 1 FREELIST GROUPS 1
  BUFFER_POOL DEFAULT FLASH_CACHE DEFAULT CELL_FLASH_CACHE DEFAULT)
  TABLESPACE "USERS"  ENABLE;
  ALTER TABLE  "MOVIMIENTO_CUENTA" ADD CONSTRAINT "CK_TIPO" CHECK (I_TIPO IN ('RETIRO','TRANSFERENCIA','CONSIGNACION')) ENABLE;
  ALTER TABLE  "MOVIMIENTO_CUENTA" ADD CONSTRAINT "CK_V_MOVIMIENTO" CHECK (V_MOVIMIENTO>0) DISABLE;
--------------------------------------------------------
--  Constraints for Table CUENTA_AHORRO
--------------------------------------------------------

  ALTER TABLE  "CUENTA_AHORRO" MODIFY ("K_NUM_CUENTA" NOT NULL ENABLE);
  ALTER TABLE  "CUENTA_AHORRO" MODIFY ("I_ESTADO" NOT NULL ENABLE);
  ALTER TABLE  "CUENTA_AHORRO" MODIFY ("V_SALDO" NOT NULL ENABLE);
  ALTER TABLE  "CUENTA_AHORRO" MODIFY ("F_APERTURA" NOT NULL ENABLE);
  ALTER TABLE  "CUENTA_AHORRO" ADD CONSTRAINT "PK_CUENTA_AHORRO" PRIMARY KEY ("K_NUM_CUENTA")
  USING INDEX PCTFREE 10 INITRANS 2 MAXTRANS 255 COMPUTE STATISTICS 
  STORAGE(INITIAL 65536 NEXT 1048576 MINEXTENTS 1 MAXEXTENTS 2147483645
  PCTINCREASE 0 FREELISTS 1 FREELIST GROUPS 1
  BUFFER_POOL DEFAULT FLASH_CACHE DEFAULT CELL_FLASH_CACHE DEFAULT)
  TABLESPACE "USERS"  ENABLE;
  ALTER TABLE  "CUENTA_AHORRO" ADD CONSTRAINT "CK_SALDO" CHECK (V_SALDO>=0) ENABLE;

--------------------------------------------------------
--  Constraints for Table EVENTO_CUENTA
--------------------------------------------------------

  ALTER TABLE  "EVENTO_CUENTA" MODIFY ("K_EVENTO" NOT NULL ENABLE);
  ALTER TABLE  "EVENTO_CUENTA" MODIFY ("I_TIPO_EVENTO" NOT NULL ENABLE);
  ALTER TABLE  "EVENTO_CUENTA" MODIFY ("F_EVENTO" NOT NULL ENABLE);
  ALTER TABLE  "EVENTO_CUENTA" MODIFY ("O_DESCRIPCION" NOT NULL ENABLE);
  ALTER TABLE  "EVENTO_CUENTA" ADD CONSTRAINT "PK_EVENTO_CUENTA" PRIMARY KEY ("K_EVENTO")
  USING INDEX PCTFREE 10 INITRANS 2 MAXTRANS 255 COMPUTE STATISTICS 
  STORAGE(INITIAL 65536 NEXT 1048576 MINEXTENTS 1 MAXEXTENTS 2147483645
  PCTINCREASE 0 FREELISTS 1 FREELIST GROUPS 1
  BUFFER_POOL DEFAULT FLASH_CACHE DEFAULT CELL_FLASH_CACHE DEFAULT)
  TABLESPACE "USERS"  ENABLE;
  ALTER TABLE  "EVENTO_CUENTA" ADD CONSTRAINT "CK_TIPO_EVENTO" CHECK (I_TIPO_EVENTO IN ('ACTIVACION','INACTIVACION','BLOQUEO')) ENABLE;

--------------------------------------------------------
--  Ref Constraints for Table CUENTA_AHORRO
--------------------------------------------------------

  ALTER TABLE  "CUENTA_AHORRO" ADD CONSTRAINT "FK_CUENTA_AHORRO_CLIENTE" FOREIGN KEY ("K_IDENTIFICACION")
	  REFERENCES  "CLIENTE" ("K_IDENTIFICACION") ENABLE;
--------------------------------------------------------
--  Ref Constraints for Table EVENTO_CUENTA
--------------------------------------------------------

  ALTER TABLE  "EVENTO_CUENTA" ADD CONSTRAINT "FK_EVENTO_CUENTA_CUENTA_AHORRO" FOREIGN KEY ("K_NUM_CUENTA")
	  REFERENCES  "CUENTA_AHORRO" ("K_NUM_CUENTA") ENABLE;
--------------------------------------------------------
--  Ref Constraints for Table MOVIMIENTO_CUENTA
--------------------------------------------------------

  ALTER TABLE  "MOVIMIENTO_CUENTA" ADD CONSTRAINT "FK_MOVIMIENTO_C_CUENTA_AHOR_01" FOREIGN KEY ("K_NUM_CUENTA")
	  REFERENCES  "CUENTA_AHORRO" ("K_NUM_CUENTA") ENABLE;
